Folder Name,Quantity,Trade Quantity,Card Name,Set Code,Set Name,Card Number,Condition,Printing,Language,Price Bought,Date Bought,LOW,MID,MARKET
Impaler,1,0,"Agadeem's Awakening // Agadeem, the Undercrypt",ZNR,Zendikar Rising,90,Mint,Foil,English,13.14,2021-08-23,12.65,17.92,17.08
Impaler,1,0,Anguished Unmaking,SOI,Shadows over Innistrad,242,NearMint,Normal,English,7.65,2021-07-06,5.65,8.08,7.51
Impaler,1,0,Anointed Procession,AKH,Amonkhet,2,NearMint,Normal,English,1.00,2021-06-25,22.00,34.03,31.91
Impaler,1,0,Arcane Signet,SLD,Secret Lair Drop,589,NearMint,Foil,English,33.49,2022-05-08,33.24,35.00,33.82
Impaler,1,0,Arid Mesa,ZEN,Zendikar,211,NearMint,Normal,English,18.64,2021-10-24,15.25,19.92,17.06
Impaler,1,0,"Ashnod's Altar",CHR,Chronicles,92,NearMint,Normal,English,8.60,2021-06-20,8.00,10.57,10.11
Impaler,1,0,Black Market,C17,Commander 2017,98,NearMint,Normal,English,5.38,2021-06-13,4.10,6.36,6.11
Impaler,1,0,Blind Obedience,GTC,Gatecrash,6,NearMint,Normal,English,6.43,2021-07-06,4.00,7.01,7.94
Impaler,1,0,Blood Artist,EMA,Eternal Masters,81,NearMint,Normal,English,4.57,2021-06-13,3.27,4.75,4.55
Impaler,1,0,Blood Crypt,RTR,Return to Ravnica,238,NearMint,Normal,English,18.84,2021-07-06,17.91,21.41,20.31
Impaler,1,0,Bloodghast,ZEN,Zendikar,83,NearMint,Normal,English,14.16,2021-06-13,9.98,12.26,10.99
Impaler,1,0,Bloodstained Mire,ZNE,Zendikar Rising Expeditions,3,NearMint,Foil,English,66.98,2021-10-24,90.00,95.00,90.55
Impaler,1,0,Bloodthirsty Adversary,MID,Innistrad: Midnight Hunt,351,NearMint,Foil,English,6.50,2021-10-24,6.50,9.99,9.59
Impaler,1,0,Boros Signet,CMA,Commander Anthology,212,NearMint,Normal,English,0.64,2021-07-06,0.48,1.03,0.51
Impaler,1,0,Captivating Vampire,C17,Commander 2017,104,NearMint,Normal,English,7.65,2021-06-13,7.20,10.36,10.24
Impaler,1,0,Cavern of Souls,MM3,Modern Masters 2017,232,Mint,Normal,English,79.78,2021-06-20,68.51,78.84,75.10
Impaler,1,0,Caves of Koilos,APC,Apocalypse,140,Played,Normal,English,1.32,2021-07-06,2.95,5.50,5.48
Impaler,1,0,Cemetery Gatekeeper,VOW,Innistrad: Crimson Vow,304,NearMint,Foil,English,20.96,2021-11-21,4.46,6.55,6.45
Impaler,1,0,City of Brass,8ED,Eighth Edition,322,Excellent,Normal,English,5.00,2021-06-20,18.50,22.07,20.80
Impaler,1,0,Command Tower,C16,Commander 2016,286,NearMint,Normal,English,0.43,2021-06-21,0.21,0.51,0.36
Impaler,1,0,Cordial Vampire,MH1,Modern Horizons,83,NearMint,Normal,English,2.57,2021-06-13,0.65,1.71,1.17
Impaler,1,0,Dark Ritual,MMQ,Mercadian Masques,129,LightPlayed,Foil,English,278.89,2021-11-14,279.91,292.49,319.97
Impaler,1,0,Demonic Tutor,STA,Strixhaven Mystical Archive,90etc,NearMint,Foil,English,120.00,2021-10-22,132.46,154.18,150.21
Impaler,1,0,Dragonskull Summit,C16,Commander 2016,292,NearMint,Normal,English,4.01,2021-07-06,3.75,4.93,4.48
Impaler,1,0,"Drana, Liberator of Malakir",BFZ,Battle for Zendikar,109,NearMint,Normal,English,4.71,2021-06-13,1.75,4.28,4.32
Impaler,1,0,Edgar Markov,C17,Commander 2017,36,NearMint,Foil,English,10.00,2021-06-27,56.99,74.82,66.44
Impaler,1,0,"Elenda, the Dusk Rose",RIX,Rivals of Ixalan,157,NearMint,Foil,English,38.00,2021-10-24,46.47,49.66,49.13
Impaler,1,0,Exsanguinate,SOM,Scars of Mirrodin,61,NearMint,Normal,English,9.75,2021-06-13,4.25,7.99,7.58
Impaler,1,0,Falkenrath Noble,C17,Commander 2017,113,NearMint,Normal,English,0.68,2021-06-13,0.24,0.40,0.28
Impaler,1,0,Farewell,NEO,Kamigawa: Neon Dynasty,436,NearMint,Foil,Japanese,12.29,2022-04-23,11.75,16.09,15.67
Impaler,1,0,Guul Draz Assassin,PROE,Rise of the Eldrazi Promos,*112,NearMint,Foil,English,8.94,2022-05-08,4.09,5.99,9.15
Impaler,1,0,"Henrika Domnathi // Henrika, Infernal Seer",VOW,Innistrad: Crimson Vow,335,NearMint,Normal,English,4.35,2022-05-08,3.20,5.30,4.21
Impaler,1,0,Impact Tremors,DTK,Dragons of Tarkir,140,NearMint,Normal,English,2.85,2021-06-25,1.52,2.86,2.25
Impaler,1,0,Indulgent Aristocrat,SOI,Shadows over Innistrad,118,NearMint,Normal,English,0.58,2021-06-13,0.01,0.49,0.16
Impaler,1,0,Isolated Chapel,DOM,Dominaria,241,NearMint,Normal,English,5.49,2021-07-06,3.99,5.53,5.27
Impaler,1,0,"Kamber, the Plunderer",VOC,Crimson Vow Commander,57,NearMint,Normal,English,0.71,2021-11-26,0.30,0.84,0.75
Impaler,1,0,Kindred Dominance,C17,Commander 2017,18,NearMint,Normal,English,10.00,2021-06-13,22.50,28.07,26.61
Impaler,1,0,Kismet,LEG,Legends,25,NearMint,Normal,English,14.49,2021-06-25,16.78,23.25,24.93
Impaler,1,0,Knight of the Ebon Legion,M20,Core Set 2020,105,NearMint,Normal,English,0.86,2021-10-24,0.98,1.96,1.61
Impaler,1,0,Lake of the Dead,ALL,Alliances,140,LightPlayed,Normal,English,50.00,2021-06-26,78.88,124.39,131.31
Impaler,1,0,Malakir Bloodwitch,C17,Commander 2017,116,NearMint,Normal,English,1.54,2021-06-13,0.05,0.97,0.38
Impaler,1,0,"Mari, the Killing Quill",NCC,New Capenna Commander,89,NearMint,Normal,English,10.53,2022-04-23,0.19,1.54,0.71
Impaler,1,0,Marsh Flats,MH2,Modern Horizons 2,437,NearMint,Foil,English,30.00,2021-10-24,27.41,37.61,31.25
Impaler,1,0,"Mavren Fein, Dusk Apostle",XLN,Ixalan,24,NearMint,Normal,English,1.07,2021-06-25,0.90,1.85,1.66
Impaler,1,0,Mirri the Cursed,PLC,Planar Chaos,75,NearMint,Normal,English,0.25,2021-10-24,0.24,1.10,0.60
Impaler,1,0,Mountain,VOW,Innistrad: Crimson Vow,275,NearMint,Foil,English,0.25,2021-11-21,0.13,0.75,0.47
Impaler,1,0,Necropotence,ICE,Ice Age,154,Played,Normal,English,5.00,2021-06-26,36.21,46.11,46.05
Impaler,1,0,New Blood,C17,Commander 2017,19,NearMint,Normal,English,7.30,2021-06-13,6.91,9.99,9.66
Impaler,1,0,Nullpriest of Oblivion,ZNR,Zendikar Rising,118,NearMint,Normal,English,0.25,2021-11-07,0.15,0.74,0.41
Impaler,1,0,Olivia Voldaren,ISD,Innistrad,215,NearMint,Normal,English,6.96,2021-07-06,9.00,15.29,13.00
Impaler,1,0,"Olivia, Crimson Bride",VOW,Innistrad: Crimson Vow,315,NearMint,Normal,English,13.17,2021-11-21,8.98,14.00,12.20
Impaler,1,0,Orzhov Signet,SLD,Secret Lair Drop,294,NearMint,Normal,English,8.59,2022-05-08,8.17,8.97,8.48
Impaler,1,0,Oversold Cemetery,ONS,Onslaught,160,NearMint,Normal,English,20.58,2021-06-13,14.98,17.35,17.41
Impaler,1,0,Patron of the Vein,C17,Commander 2017,20,NearMint,Normal,English,10.68,2021-06-13,0.20,1.89,0.87
Impaler,1,0,Phyrexian Altar,UMA,Ultimate Masters,232,NearMint,Normal,English,63.30,2021-06-21,81.00,94.61,90.87
Impaler,1,0,Phyrexian Tower,UMA,Ultimate Masters,248,NearMint,Normal,English,1.00,2021-06-13,15.01,18.26,16.72
Impaler,1,0,Plains,VOW,Innistrad: Crimson Vow,269,NearMint,Foil,English,0.49,2021-11-21,0.20,0.75,0.67
Impaler,1,0,Pox,ICE,Ice Age,158,NearMint,Normal,English,17.52,2021-06-26,5.00,7.81,6.05
Impaler,1,0,Prismatic Vista,MH1,Modern Horizons,244,NearMint,Normal,English,1.00,2021-07-06,22.99,28.99,24.33
Impaler,1,0,"Purphoros, God of the Forge",THS,Theros,135,NearMint,Normal,English,5.00,2021-06-25,18.99,23.09,24.57
Impaler,1,0,Pyroblast,ICE,Ice Age,213,NearMint,Normal,English,3.10,2021-06-26,2.13,3.72,3.78
Impaler,1,0,Rakdos Signet,SLD,Secret Lair Drop,289,NearMint,Foil,English,15.22,2022-05-08,16.25,19.49,17.26
Impaler,1,0,Reanimate,UMA,Ultimate Masters,110,NearMint,Normal,English,10.10,2021-06-13,8.50,10.83,9.99
Impaler,1,0,Red Elemental Blast,A25,Masters 25,147,NearMint,Foil,English,15.00,2021-06-25,26.09,39.95,32.96
Impaler,1,0,Reflecting Pool,TMP,Tempest,322,NearMint,Normal,English,5.00,2021-07-06,19.41,32.00,36.46
Impaler,1,0,Revel in Riches,XLN,Ixalan,117,NearMint,Normal,English,5.70,2021-06-13,17.55,19.99,19.26
Impaler,1,0,Sacred Foundry,GTC,Gatecrash,245,NearMint,Normal,English,5.00,2021-07-06,16.90,22.00,20.33
Impaler,1,0,Sanguine Spy,SNC,Streets of New Capenna,93,NearMint,Foil,English,1.13,2022-04-24,0.09,0.45,0.16
Impaler,1,0,Savage Beating,DST,Darksteel,67,NearMint,Normal,English,16.66,2021-06-25,20.50,25.99,25.21
Impaler,1,0,Savai Triome,IKO,Ikoria: Lair of Behemoths,312,NearMint,Normal,English,8.99,2021-11-14,12.00,15.97,14.73
Impaler,1,0,Scion of Opulence,VOC,Crimson Vow Commander,66,NearMint,Normal,English,3.14,2021-11-21,0.19,0.75,0.53
Impaler,1,0,"Serra's Sanctum",USG,"Urza's Saga",325,Excellent,Normal,English,5.00,2021-06-25,313.51,349.95,325.79
Impaler,1,0,Shattered Sanctum,VOW,Innistrad: Crimson Vow,283,NearMint,Normal,English,7.50,2021-11-14,6.95,9.67,9.40
Impaler,1,0,Skullclamp,C16,Commander 2016,271,NearMint,Normal,English,8.10,2021-06-20,8.50,10.99,10.93
Impaler,1,0,Smothering Tithe,RNA,Ravnica Allegiance,22,NearMint,Normal,English,40.10,2022-05-14,35.00,44.85,39.13
Impaler,1,0,"Sokenzan, Crucible of Defiance",NEO,Kamigawa: Neon Dynasty,415,NearMint,Normal,English,4.96,2022-04-23,3.00,5.90,5.48
Impaler,1,0,Sol Ring,CMA,Commander Anthology,231,NearMint,Normal,English,3.23,2021-06-21,1.49,2.79,2.60
Impaler,1,0,Sorin the Mirthless,VOW,Innistrad: Crimson Vow,337,NearMint,Normal,English,15.37,2021-11-21,9.72,12.80,11.95
Impaler,1,0,"Sorin, Vengeful Bloodlord",WAR,War of the Spark,217,NearMint,Foil,English,0.68,2021-10-24,1.98,3.33,3.07
Impaler,1,0,Sulfurous Springs,ICE,Ice Age,360,LightPlayed,Normal,English,14.48,2021-06-26,11.93,15.11,16.70
Impaler,1,0,Sunbaked Canyon,MH1,Modern Horizons,247,NearMint,Normal,English,1.00,2021-07-06,17.89,21.00,19.46
Impaler,1,0,Sundown Pass,VOW,Innistrad: Crimson Vow,285,NearMint,Normal,English,8.18,2021-11-14,5.95,8.18,8.02
Impaler,1,0,Swamp,VOW,Innistrad: Crimson Vow,272,NearMint,Foil,English,0.21,2021-11-21,0.50,1.18,0.93
Impaler,1,0,Swamp,VOW,Innistrad: Crimson Vow,273,NearMint,Foil,English,0.00,2021-11-21,0.50,1.22,1.02
Impaler,1,0,Swamp,MID,Innistrad: Midnight Hunt,273,NearMint,Foil,English,1.90,2022-01-23,0.25,1.49,0.97
Impaler,1,0,Swamp,NEO,Kamigawa: Neon Dynasty,298,NearMint,Foil,English,3.31,2022-04-24,2.99,4.66,4.51
Impaler,1,0,Swords to Plowshares,ICE,Ice Age,54,NearMint,Normal,English,7.14,2021-06-26,2.49,5.04,5.39
Impaler,1,0,"Teferi's Protection",C17,Commander 2017,8,NearMint,Normal,English,10.00,2021-06-25,35.75,43.05,41.69
Impaler,1,0,The Meathook Massacre,MID,Innistrad: Midnight Hunt,348,LightPlayed,Normal,English,74.59,2022-05-14,74.01,83.56,82.16
Impaler,1,0,Tithe Drinker,DGM,"Dragon's Maze",109,NearMint,Normal,English,0.06,2021-11-07,0.06,0.25,0.24
Impaler,1,0,Treasure Vault,AFR,Adventures in the Forgotten Realms,261,NearMint,Foil,English,6.53,2022-01-23,6.95,8.46,8.11
Impaler,1,0,Urborg,LEG,Legends,310,NearMint,Normal,Italian,1.00,2021-06-13,14.99,24.71,28.89
Impaler,1,0,"Urborg, Tomb of Yawgmoth",M15,Magic 2015,248,NearMint,Normal,English,17.34,2021-06-13,30.00,36.31,33.37
Impaler,1,0,Vampire Hexmage,TSR,Time Spiral Remastered,335,Excellent,Foil,English,15.43,2021-10-24,11.48,14.39,12.76
Impaler,1,0,Vampiric Tutor,CMR,Commander Legends,156,NearMint,Normal,English,43.64,2022-05-14,34.00,43.87,37.95
Impaler,1,0,Viscera Seer,CMR,Commander Legends,158,NearMint,Normal,English,0.19,2022-05-14,0.12,0.30,0.20
Impaler,1,0,"Vito, Thorn of the Dusk Rose",M21,Core Set 2021,127,NearMint,Foil,English,3.38,2021-11-21,1.50,3.53,2.85
Impaler,1,0,Voldaren Estate,VOW,Innistrad: Crimson Vow,403,NearMint,Foil,English,0.00,2021-11-14,0.72,2.00,1.49
Impaler,1,0,Wasteland,EMA,Eternal Masters,248,NearMint,Foil,English,1.00,2021-06-20,22.50,37.12,33.35
Impaler,1,0,Welcoming Vampire,VOW,Innistrad: Crimson Vow,287,NearMint,Foil,English,5.69,2022-05-08,4.82,6.84,6.02
Toady,1,0,Abrupt Decay,PLIST,The List,554,NearMint,Normal,English,3.64,2022-04-23,1.39,3.20,1.94
Toady,1,0,Aluren,TMP,Tempest,213,NearMint,Normal,English,5.00,2021-06-25,60.00,84.50,74.68
Toady,1,0,Argothian Enchantress,EMA,Eternal Masters,158,LightPlayed,Normal,English,48.45,2022-05-14,45.99,56.68,57.15
Toady,1,0,"Arixmethes, Slumbering Isle",C18,Commander 2018,38,NearMint,Normal,English,6.07,2021-07-06,3.50,4.99,4.83
Toady,1,0,Armillary Sphere,CMR,Commander Legends,298,NearMint,Normal,English,0.13,2022-05-15,0.03,0.22,0.12
Toady,1,0,Attrition,UDS,"Urza's Destiny",52,NearMint,Normal,English,11.51,2021-06-13,9.60,12.12,14.15
Toady,1,0,Boseiju Reaches Skyward // Branch of Boseiju,NEO,Kamigawa: Neon Dynasty,177,NearMint,Foil,English,0.08,2022-05-15,0.01,0.22,0.06
Toady,1,0,"Boseiju, Who Endures",NEO,Kamigawa: Neon Dynasty,412,NearMint,Foil,English,69.01,2022-02-25,76.15,85.00,81.12
Toady,1,0,Breeding Pool,RNA,Ravnica Allegiance,246,NearMint,Normal,English,20.00,2021-07-06,20.99,25.21,23.28
Toady,1,0,Cabal Coffers,HOP,Planechase,132,NearMint,Normal,English,15.00,2021-06-13,18.98,24.56,22.90
Toady,1,0,Command Tower,C16,Commander 2016,286,NearMint,Normal,English,0.42,2021-06-21,0.21,0.51,0.36
Toady,1,0,Counterspell,MMQ,Mercadian Masques,69,NearMint,Normal,English,1.67,2021-06-13,0.99,1.99,2.32
Toady,1,0,Croaking Counterpart,MID,Innistrad: Midnight Hunt,369,NearMint,Foil,English,1.26,2022-01-30,0.66,1.49,1.50
Toady,1,0,Crop Rotation,2XM,Double Masters,349,NearMint,Normal,English,10.00,2022-02-20,12.02,14.43,13.35
Toady,1,0,Cyclonic Rift,MM3,Modern Masters 2017,35,NearMint,Foil,English,31.64,2021-06-13,46.00,48.41,37.63
Toady,1,0,Dance of the Dead,ICE,Ice Age,118,NearMint,Normal,English,7.82,2021-06-26,5.20,9.22,9.26
Toady,1,0,Dark Ritual,DVD,Duel Decks Anthology: Divine vs. Demonic,45,NearMint,Normal,English,2.33,2021-06-13,1.99,3.00,2.85
Toady,1,0,Deathcap Glade,VOW,Innistrad: Crimson Vow,281,NearMint,Normal,English,6.17,2021-11-26,6.35,8.16,7.08
Toady,1,0,Demonic Tutor,DVD,Duel Decks Anthology: Divine vs. Demonic,49,NearMint,Normal,English,10.00,2021-06-13,38.01,43.63,41.32
Toady,1,0,Dig Up,VOW,Innistrad: Crimson Vow,387,NearMint,Normal,English,1.86,2021-11-26,0.95,2.07,2.07
Toady,1,0,Diplomatic Immunity,MMQ,Mercadian Masques,75,NearMint,Foil,English,21.99,2021-11-14,21.79,39.92,34.99
Toady,1,0,Dokuchi Silencer,NEO,Kamigawa: Neon Dynasty,95,NearMint,Normal,English,0.06,2022-05-15,0.01,0.20,0.05
Toady,1,0,Dread Presence,M20,Core Set 2020,96,NearMint,Normal,English,1.28,2021-06-13,0.78,1.83,1.56
Toady,1,0,Dreamroot Cascade,VOW,Innistrad: Crimson Vow,262,NearMint,Foil,English,3.87,2021-11-26,4.51,6.00,6.00
Toady,1,0,Dryad of the Ilysian Grove,THB,Theros Beyond Death,169,NearMint,Normal,English,13.70,2022-01-23,14.99,18.00,16.13
Toady,1,0,"Edric, Spymaster of Trest",C16,Commander 2016,195,NearMint,Normal,English,4.17,2021-07-06,2.00,4.15,4.13
Toady,1,0,Eidolon of Blossoms,C18,Commander 2018,140,NearMint,Normal,English,0.76,2021-07-18,2.49,3.70,3.48
Toady,1,0,Eldrazi Monument,CMA,Commander Anthology,216,NearMint,Normal,English,10.00,2021-06-21,6.88,11.00,10.70
Toady,1,0,Elvish Spirit Guide,ALL,Alliances,89,NearMint,Normal,English,15.74,2021-06-26,8.00,11.78,10.43
Toady,1,0,Entomb,UMA,Ultimate Masters,94,NearMint,Normal,English,19.99,2021-11-14,30.98,35.35,36.18
Toady,1,0,"Estrid's Invocation",C18,Commander 2018,8,NearMint,Normal,English,7.27,2021-06-13,9.85,12.13,12.13
Toady,1,0,Evolving Wilds,AFR,Adventures in the Forgotten Realms,353,NearMint,Foil,English,1.50,2021-07-31,0.68,1.83,1.56
Toady,1,0,Exploration,CNS,Conspiracy,164,NearMint,Normal,English,19.54,2021-07-06,23.00,26.25,26.32
Toady,1,0,Forest,NEO,Kamigawa: Neon Dynasty,301,NearMint,Foil,English,2.42,2022-05-15,1.44,2.38,2.19
Toady,1,0,Forest,NEO,Kamigawa: Neon Dynasty,302,NearMint,Foil,English,0.62,2022-02-20,0.66,1.93,1.75
Toady,1,0,Generous Visitor,NEO,Kamigawa: Neon Dynasty,185,NearMint,Normal,English,0.10,2022-02-25,0.09,0.29,0.20
Toady,1,0,"Grolnok, the Omnivore",VOW,Innistrad: Crimson Vow,238,NearMint,Foil,English,0.48,2021-11-26,0.25,0.62,0.36
Toady,1,0,Heartstone,STH,Stronghold,134,NearMint,Normal,English,4.83,2021-06-20,2.50,4.00,4.01
Toady,2,0,Island,VOW,Innistrad: Crimson Vow,271,NearMint,Foil,English,0.64,2022-05-15,0.20,0.98,0.62
Toady,1,0,Kappa Tech-Wrecker,NEO,Kamigawa: Neon Dynasty,348,NearMint,Normal,English,0.03,2022-05-15,0.01,0.20,0.04
Toady,1,0,Lake of the Dead,ALL,Alliances,140,Good,Normal,English,50.00,2021-06-26,78.88,124.39,131.31
Toady,1,0,Lightning Greaves,C16,Commander 2016,260,NearMint,Normal,English,6.30,2021-07-06,7.20,8.83,8.21
Toady,1,0,Llanowar Elves,PDOM,Dominaria Promos,168,NearMint,Foil,English,8.84,2021-06-25,5.50,9.10,8.42
Toady,1,0,Long-Term Plans,SCG,Scourge,38,NearMint,Normal,English,2.90,2021-06-13,2.69,4.49,4.87
Toady,1,0,"Luxior, Giada's Gift",SNC,Streets of New Capenna,240,NearMint,Normal,English,19.54,2022-04-23,8.00,12.99,10.20
Toady,1,0,Mask of Memory,CMR,Commander Legends,324,NearMint,Normal,English,0.39,2022-05-14,0.08,0.39,0.33
Toady,1,0,Master Biomancer,C16,Commander 2016,210,NearMint,Normal,English,4.19,2021-07-06,0.67,1.80,1.63
Toady,1,0,Misty Rainforest,ZEN,Zendikar,220,NearMint,Normal,English,40.00,2021-07-06,23.20,29.99,28.64
Toady,1,0,Moon-Circuit Hacker,NEO,Kamigawa: Neon Dynasty,334,NearMint,Foil,English,0.22,2022-05-15,0.06,0.29,0.16
Toady,1,0,Mystic Remora,ICE,Ice Age,87,NearMint,Normal,English,9.58,2021-06-26,7.98,10.25,9.73
Toady,1,0,"Nature's Lore",ICE,Ice Age,255,NearMint,Normal,English,6.32,2021-06-26,3.50,4.74,4.70
Toady,1,0,Nurturing Peatland,MH1,Modern Horizons,243,NearMint,Normal,English,15.07,2021-07-06,6.30,9.75,7.98
Toady,1,0,Once Upon a Time,VELD,Throne of Eldraine Variants,371,NearMint,Normal,English,4.40,2021-06-26,2.99,4.63,3.83
Toady,1,0,"Otawara, Soaring City",NEO,Kamigawa: Neon Dynasty,271,NearMint,Normal,English,4.19,2022-02-25,8.00,12.29,10.86
Toady,1,0,Oubliette,ARN,Arabian Nights,31,NearMint,Normal,English,35.74,2021-06-13,24.99,36.67,42.99
Toady,1,0,Overgrown Tomb,RTR,Return to Ravnica,243,NearMint,Normal,English,13.77,2021-07-06,11.00,14.99,13.74
Toady,1,0,Phyrexian Arena,CN2,Conspiracy: Take the Crown,144,NearMint,Normal,English,14.01,2021-11-07,10.35,14.00,12.23
Toady,1,0,Prismatic Vista,MH1,Modern Horizons,244,NearMint,Normal,English,27.61,2021-07-06,22.99,28.99,24.33
Toady,1,0,Prosperous Thief,NEO,Kamigawa: Neon Dynasty,336,NearMint,Normal,English,0.11,2022-05-15,0.06,0.24,0.11
Toady,1,0,Putrefy,STA,Strixhaven Mystical Archive,126etc,NearMint,Normal,Japanese,3.44,2021-07-18,,,
Toady,1,0,Reanimate,JMP,Jumpstart,270,NearMint,Normal,English,11.52,2022-01-23,7.28,10.00,9.16
Toady,1,0,Reflecting Pool,TMP,Tempest,322,NearMint,Normal,English,36.48,2021-07-06,19.41,32.00,36.46
Toady,1,0,Rhystic Study,PCY,Prophecy,45,NearMint,Normal,English,33.29,2021-06-13,29.99,36.99,36.45
Toady,1,0,"Sakashima's Student",PCA,Planechase Anthology,24,NearMint,Normal,English,48.44,2021-06-13,37.98,64.11,69.06
Toady,1,0,Satoru Umezawa,NEO,Kamigawa: Neon Dynasty,234,NearMint,Normal,English,0.25,2022-02-25,0.15,0.58,0.28
Toady,1,0,"Savra, Queen of the Golgari",RAV,Ravnica: City of Guilds,225,NearMint,Foil,English,38.83,2021-07-06,46.91,53.99,64.42
Toady,1,0,"Shigeki, Jukai Visionary",NEO,Kamigawa: Neon Dynasty,206,NearMint,Normal,English,0.12,2022-02-25,0.05,0.40,0.22
Toady,1,0,Skirge Familiar,USG,"Urza's Saga",157,NearMint,Normal,English,4.77,2021-06-13,0.47,1.21,0.63
Toady,1,0,Snuff Out,MMQ,Mercadian Masques,162,NearMint,Normal,English,3.62,2021-06-13,3.75,5.37,5.31
Toady,1,0,Sol Ring,CMA,Commander Anthology,231,NearMint,Normal,English,3.24,2021-06-21,1.49,2.79,2.60
Toady,1,0,Soldevi Excavations,ALL,Alliances,143,NearMint,Normal,Italian,29.29,2021-06-26,14.01,25.49,25.83
Toady,1,0,Song of the Dryads,CMA,Commander Anthology,147,NearMint,Normal,English,11.47,2021-07-18,14.77,15.90,13.93
Toady,1,0,Swamp,SNC,Streets of New Capenna,277,NearMint,Foil,English,0.31,2022-05-15,0.18,0.50,0.32
Toady,1,0,Sword of Feast and Famine,MPS,Kaladesh Inventions,28,NearMint,Foil,English,5.00,2021-06-21,274.00,300.00,313.69
Toady,1,0,Sword of Hearth and Home,MH2,Modern Horizons 2,324,NearMint,Normal,English,17.04,2022-01-23,12.49,15.99,15.17
Toady,1,0,Sylvan Library,4ED,Fourth Edition,273,NearMint,Normal,French,45.50,2021-07-06,40.00,53.45,50.90
Toady,1,0,"Takenuma, Abandoned Mire",NEO,Kamigawa: Neon Dynasty,278,NearMint,Normal,English,2.20,2022-02-25,2.78,4.86,4.85
Toady,1,0,"Tatsunari, Toad Rider",NEO,Kamigawa: Neon Dynasty,345,NearMint,Normal,English,1.16,2022-04-23,0.20,1.44,1.12
Toady,1,0,The Reality Chip,NEO,Kamigawa: Neon Dynasty,374,NearMint,Normal,English,3.99,2022-02-25,2.75,4.44,3.76
Toady,1,0,Verduran Enchantress,3ED,Revised Edition,223,NearMint,Normal,English,3.77,2021-07-18,3.15,5.47,7.01
Toady,1,0,Waterlogged Grove,MH1,Modern Horizons,249,NearMint,Normal,English,8.68,2021-07-06,4.50,6.85,5.80
Toady,1,0,Watery Grave,GTC,Gatecrash,249,NearMint,Normal,English,13.26,2021-07-06,13.95,16.81,16.71
Toady,1,0,Whispersilk Cloak,M11,Magic 2011,221,NearMint,Foil,English,4.64,2021-07-06,9.78,13.86,14.11
Toady,1,0,Wildsize,CMR,Commander Legends,264,NearMint,Normal,English,0.01,2022-05-15,0.01,0.15,0.01
Toady,1,0,Wirewood Lodge,EVG,Duel Decks Anthology: Elves vs. Goblins,27,NearMint,Normal,English,10.16,2021-06-25,7.50,9.44,8.55
Toady,1,0,Zagoth Triome,IKO,Ikoria: Lair of Behemoths,313,NearMint,Normal,English,16.04,2021-06-26,13.99,17.01,15.21
Deck Tech,1,0,Admiral Beckett Brass,XLN,Ixalan,217,NearMint,Normal,English,2.98,2022-04-23,1.26,2.86,2.62
Deck Tech,1,0,Ajani Goldmane,M11,Magic 2011,1,NearMint,Normal,English,4.51,2021-06-25,3.50,5.58,7.79
Deck Tech,1,0,"Alchemist's Gambit",VOW,Innistrad: Crimson Vow,374,NearMint,Normal,English,0.52,2022-04-24,0.13,0.75,0.39
Deck Tech,1,0,Altar of Bone,ICE,Ice Age,281,NearMint,Normal,English,15.62,2021-06-26,6.00,9.39,9.40
Deck Tech,1,0,Angel of Despair,UMA,Ultimate Masters,196,NearMint,Foil,English,1.86,2021-07-06,1.59,2.05,2.14
Deck Tech,3,0,"Ashnod's Altar",CHR,Chronicles,92,NearMint,Normal,English,8.60,2021-06-20,8.00,10.57,10.11
Deck Tech,1,0,"Bjorna, Nightfall Alchemist",SLX,Universes Within,2,NearMint,Normal,English,0.00,2022-04-23,0.14,0.65,0.30
Deck Tech,1,0,Blade of the Bloodchief,C17,Commander 2017,204,NearMint,Normal,English,3.93,2021-06-27,3.23,4.65,4.62
Deck Tech,1,0,"Bruna, Light of Alabaster",C18,Commander 2018,170,NearMint,Normal,English,0.68,2021-07-06,0.15,0.75,0.50
Deck Tech,1,0,Caves of Koilos,C16,Commander 2016,285,NearMint,Normal,English,0.98,2022-01-30,0.71,1.21,0.96
Deck Tech,1,0,Chromatic Lantern,C16,Commander 2016,247,NearMint,Normal,English,10.66,2021-06-20,9.23,11.92,11.91
Deck Tech,2,0,City of Brass,MMA,Modern Masters,221,NearMint,Normal,English,29.10,2021-06-20,24.87,28.75,27.73
Deck Tech,1,0,City of Brass,6ED,Classic Sixth Edition,321,NearMint,Normal,English,20.08,2021-06-20,19.98,22.68,18.96
Deck Tech,1,0,Cliffhaven Vampire,OGW,Oath of the Gatewatch,153,NearMint,Normal,English,0.63,2021-07-06,0.24,0.57,0.40
Deck Tech,1,0,Clifftop Retreat,ISD,Innistrad,238,NearMint,Normal,English,6.72,2021-07-06,4.98,6.93,6.99
Deck Tech,2,0,Command Tower,C17,Commander 2017,242,NearMint,Normal,English,0.32,2021-06-20,0.24,0.50,0.27
Deck Tech,1,0,"Conqueror's Flail",C16,Commander 2016,53,NearMint,Normal,English,10.00,2021-06-20,17.99,21.97,20.82
Deck Tech,1,0,Corpse Explosion,SNC,Streets of New Capenna,435,NearMint,Foil,English,0.73,2022-05-14,0.25,0.75,0.38
Deck Tech,1,0,"Courier's Briefcase",SNC,Streets of New Capenna,142,NearMint,Normal,English,0.07,2022-05-21,0.01,0.20,0.03
Deck Tech,1,0,"Courier's Briefcase",SNC,Streets of New Capenna,142,NearMint,Normal,English,0.03,2022-05-08,0.01,0.20,0.03
Deck Tech,1,0,Dawnhart Wardens,MID,Innistrad: Midnight Hunt,308,NearMint,Normal,English,0.01,2022-01-30,0.01,0.19,0.01
Deck Tech,1,0,Deathcap Glade,VOW,Innistrad: Crimson Vow,261,NearMint,Normal,English,4.23,2021-11-26,4.90,6.21,6.12
Deck Tech,2,0,Dig Up,VOW,Innistrad: Crimson Vow,197,NearMint,Normal,English,1.49,2022-04-24,0.50,1.47,1.53
Deck Tech,1,0,Disciplined Duelist,SNC,Streets of New Capenna,369,NearMint,Foil,English,3.65,2022-04-24,0.25,0.73,0.41
Deck Tech,1,0,Door of Destinies,C17,Commander 2017,208,NearMint,Normal,English,10.00,2021-06-27,7.49,14.46,14.27
Deck Tech,1,0,Dreamroot Cascade,VOW,Innistrad: Crimson Vow,262,NearMint,Normal,English,4.07,2021-11-26,3.00,5.40,5.65
Deck Tech,1,0,Dreamroot Cascade,VOW,Innistrad: Crimson Vow,262,NearMint,Normal,English,3.91,2021-11-15,3.00,5.40,5.65
Deck Tech,1,0,"Edgar, Charmed Groom // Edgar Markov's Coffin",VOW,Innistrad: Crimson Vow,311,NearMint,Normal,English,4.21,2021-11-14,0.27,1.25,0.87
Deck Tech,1,0,"Eladamri's Call",PLS,Planeshift,106,NearMint,Normal,English,7.25,2021-10-30,17.10,19.84,18.58
Deck Tech,1,0,Eldrazi Conscription,UMA,Ultimate Masters,3,NearMint,Foil,English,12.72,2021-07-06,15.99,19.99,17.57
Deck Tech,1,0,Eldrazi Conscription,ROE,Rise of the Eldrazi,3,NearMint,Normal,English,12.21,2021-06-20,7.99,13.48,15.66
Deck Tech,1,0,"Elspeth, Sun's Champion",THS,Theros,9,NearMint,Normal,English,11.08,2021-06-25,7.60,10.36,10.15
Deck Tech,1,0,"Elspeth, Sun's Champion Emblem",TTHS,Theros Tokens,11,NearMint,Normal,English,2.50,2021-08-29,2.98,4.00,4.74
Deck Tech,1,0,"Erebos, God of the Dead",THS,Theros,85,NearMint,Normal,English,14.82,2021-06-13,5.00,10.99,10.45
Deck Tech,1,0,Evolving Wilds,AFR,Adventures in the Forgotten Realms,353,NearMint,Normal,English,0.08,2021-11-13,0.10,0.49,0.21
Deck Tech,1,0,Fiery Islet,MH1,Modern Horizons,238,NearMint,Normal,English,23.10,2021-07-06,10.00,14.00,12.61
Deck Tech,1,0,Fire-Lit Thicket,SHM,Shadowmoor,271,NearMint,Normal,English,6.00,2021-07-06,6.00,8.47,8.75
Deck Tech,1,0,Fleetfoot Dancer,SNC,Streets of New Capenna,188,NearMint,Normal,English,1.93,2022-04-24,0.06,0.30,0.14
Deck Tech,1,0,Fleetfoot Dancer,SNC,Streets of New Capenna,308,NearMint,Normal,English,1.99,2022-04-24,0.09,0.41,0.19
Deck Tech,1,0,Flooded Strand,KTK,Khans of Tarkir,233,NearMint,Normal,English,33.72,2021-07-06,29.49,39.99,36.35
Deck Tech,1,0,"Florian, Voldaren Scion",MID,Innistrad: Midnight Hunt,223,NearMint,Normal,English,0.24,2021-10-24,0.08,0.54,0.30
Deck Tech,4,0,Fractured Powerstone,PCA,Planechase Anthology,111,NearMint,Normal,English,1.52,2021-06-20,0.80,1.58,1.07
Deck Tech,1,0,"Freyalise, Llanowar's Fury",CMA,Commander Anthology,111,NearMint,Foil,English,12.46,2021-06-25,6.00,9.96,6.59
Deck Tech,1,0,Galazeth Prismari,STX,Strixhaven: School of Mages,189,NearMint,Foil,English,8.21,2021-07-18,3.00,4.79,4.20
Deck Tech,1,0,Gavony Township,C20,Commander 2020,276,NearMint,Normal,English,4.09,2022-01-23,1.99,3.13,2.47
Deck Tech,1,0,Gilded Lotus,DOM,Dominaria,215,NearMint,Normal,English,4.75,2021-06-20,2.92,4.54,4.71
Deck Tech,1,0,Gilded Lotus,M13,Magic 2013,206,NearMint,Normal,English,4.90,2021-06-21,3.00,4.89,4.70
Deck Tech,1,0,Glamorous Outlaw,SNC,Streets of New Capenna,374,NearMint,Foil,English,0.54,2022-04-24,0.19,0.56,0.46
Deck Tech,1,0,"Greasefang, Okiba Boss",NEO,Kamigawa: Neon Dynasty,397,NearMint,Normal,Japanese,2.12,2022-04-24,1.00,2.33,3.17
Deck Tech,1,0,Hall of Storm Giants,AFR,Adventures in the Forgotten Realms,354,NearMint,Normal,English,2.34,2021-07-31,3.13,5.51,5.17
Deck Tech,1,0,Hall of Storm Giants,AFR,Adventures in the Forgotten Realms,354,NearMint,Foil,English,2.96,2021-07-31,8.02,10.50,10.14
Deck Tech,1,0,Hallowed Fountain,RTR,Return to Ravnica,241,NearMint,Normal,English,8.00,2021-07-06,8.82,13.82,13.36
Deck Tech,1,0,Heartstone,STH,Stronghold,134,NearMint,Normal,English,4.83,2021-06-20,2.50,4.00,4.01
Deck Tech,1,0,Helm of Obedience,ALL,Alliances,121,LightPlayed,Normal,English,5.00,2021-06-26,40.50,55.20,56.30
Deck Tech,1,0,"Hinata, Dawn-Crowned",NEO,Kamigawa: Neon Dynasty,222,NearMint,Normal,English,0.40,2022-04-24,0.14,0.54,0.22
Deck Tech,1,0,Howling Mine,C16,Commander 2016,257,NearMint,Normal,English,7.60,2021-06-20,3.62,5.50,5.37
Deck Tech,1,0,Howling Mine,9ED,Ninth Edition,298,NearMint,Normal,English,5.23,2021-06-20,3.78,6.43,7.44
Deck Tech,1,0,Ignoble Hierarch,MH2,Modern Horizons 2,414,NearMint,Foil,English,10.71,2022-02-20,8.50,11.34,9.75
Deck Tech,1,0,"Iroas, God of Victory",C16,Commander 2016,205,NearMint,Normal,English,13.79,2021-07-06,11.64,16.99,16.51
Deck Tech,1,0,Island,ROE,Rise of the Eldrazi,233,NearMint,Foil,English,1.46,2021-10-24,1.00,1.95,2.61
Deck Tech,1,0,"Isshin, Two Heavens as One",NEO,Kamigawa: Neon Dynasty,224,NearMint,Normal,English,0.53,2022-04-24,0.05,0.50,0.29
Deck Tech,1,0,It That Betrays,ROE,Rise of the Eldrazi,7,NearMint,Normal,English,27.23,2021-06-20,16.33,20.95,21.82
Deck Tech,1,0,"Jetmir, Nexus of Revels",SNC,Streets of New Capenna,312,NearMint,Normal,English,4.88,2022-05-08,3.99,5.37,4.94
Deck Tech,1,0,"Jetmir's Garden",SNC,Streets of New Capenna,250,NearMint,Normal,English,6.82,2022-05-21,5.99,7.66,6.75
Deck Tech,1,0,"Kaseto, Orochi Archmage",C21,Commander 2021,221,NearMint,Normal,English,0.28,2022-04-24,0.15,0.50,0.25
Deck Tech,1,0,"Kaya, Geist Hunter",VOW,Innistrad: Crimson Vow,240,NearMint,Normal,English,2.26,2022-04-24,1.09,2.85,2.60
Deck Tech,1,0,Lantern Flare,VOW,Innistrad: Crimson Vow,23,NearMint,Normal,English,0.15,2022-04-24,0.07,0.30,0.13
Deck Tech,1,0,"Licia, Sanguine Tribune",C17,Commander 2017,40,NearMint,Foil,English,1.55,2021-06-27,2.79,4.57,4.28
Deck Tech,2,0,Lightning Greaves,CMA,Commander Anthology,220,NearMint,Normal,English,5.93,2021-06-20,7.00,8.49,8.30
Deck Tech,1,0,Liliana Vess,M11,Magic 2011,102,NearMint,Normal,English,9.77,2021-06-13,6.43,8.93,8.51
Deck Tech,1,0,Liliana Vess,GVL,Duel Decks Anthology: Garruk vs. Liliana,32,NearMint,Foil,English,20.65,2021-06-13,9.99,14.31,12.40
Deck Tech,1,0,"Lord Xander, the Collector",SNC,Streets of New Capenna,197,NearMint,Foil,English,6.32,2022-05-14,3.15,5.11,3.96
Deck Tech,4,0,Manamorphose,SHM,Shadowmoor,211,NearMint,Normal,English,7.68,2021-07-06,2.68,4.50,3.74
Deck Tech,1,0,Markov Purifier,VOW,Innistrad: Crimson Vow,312,NearMint,Foil,English,0.30,2021-11-14,0.10,0.28,0.14
Deck Tech,1,0,Masked Bandits,SNC,Streets of New Capenna,319,NearMint,Normal,English,0.70,2022-04-24,0.01,0.15,0.01
Deck Tech,1,0,Meeting of the Five,SNC,Streets of New Capenna,202,NearMint,Foil,English,0.44,2022-05-08,0.20,0.50,0.26
Deck Tech,1,0,Merciless Eviction,C16,Commander 2016,211,NearMint,Normal,English,2.85,2021-07-06,1.13,2.34,2.42
Deck Tech,1,0,Merciless Eviction,GTC,Gatecrash,177,NearMint,Normal,English,2.75,2021-07-06,0.85,2.10,1.67
Deck Tech,1,0,Merciless Eviction,C17,Commander 2017,179,NearMint,Normal,English,2.72,2021-07-06,1.19,2.39,1.82
Deck Tech,1,0,"Millicent, Restless Revenant",VOC,Crimson Vow Commander,39,NearMint,Normal,English,2.70,2021-11-26,0.48,1.23,1.11
Deck Tech,1,0,Mirror Box,NEO,Kamigawa: Neon Dynasty,250,NearMint,Normal,English,1.70,2022-04-24,0.89,2.20,1.85
Deck Tech,1,0,Mistmeadow Witch,PLIST,The List,635,NearMint,Normal,English,0.35,2022-04-24,0.05,0.30,0.23
Deck Tech,1,0,Mountain,ONS,Onslaught,345,NearMint,Foil,English,2.15,2021-09-06,1.82,2.76,3.80
Deck Tech,1,0,Mountain,ODY,Odyssey,343,NearMint,Foil,English,2.62,2021-09-06,2.73,5.24,5.30
Deck Tech,1,0,Mountain,PAL01,Arena League 2001,5,NearMint,Foil,English,5.00,2021-09-06,10.76,15.35,17.60
Deck Tech,1,0,Mox Tantalite,MH1,Modern Horizons,226,NearMint,Normal,English,10.02,2021-07-06,4.99,7.27,6.60
Deck Tech,1,0,Noble Hierarch,UMA,Ultimate Masters,174,NearMint,Normal,English,5.00,2021-06-26,11.21,14.44,12.26
Deck Tech,1,0,Old Stickfingers,MID,Innistrad: Midnight Hunt,321,NearMint,Normal,English,0.39,2022-01-30,0.21,0.51,0.28
Deck Tech,1,0,"Olivia, Mobilized for War",SOI,Shadows over Innistrad,248,NearMint,Normal,English,0.99,2021-10-24,0.97,2.29,2.08
Deck Tech,1,0,Orzhov Signet,CMA,Commander Anthology,223,NearMint,Normal,English,1.39,2021-07-06,1.19,1.72,1.49
Deck Tech,1,0,"Othelm, Sigardian Outcast",SLX,Universes Within,6,NearMint,Normal,English,0.27,2022-05-21,0.20,0.55,0.34
Deck Tech,1,0,Overgrown Tomb,RTR,Return to Ravnica,243,NearMint,Normal,English,13.77,2021-07-06,11.00,14.99,13.74
Deck Tech,1,0,Overgrown Tomb,GRN,Guilds of Ravnica,253,NearMint,Normal,English,14.53,2021-07-06,10.00,14.29,13.74
Deck Tech,1,0,"Phabine, Boss's Confidant",NCC,New Capenna Commander,108,NearMint,Foil,English,1.31,2022-05-07,0.78,1.50,1.15
Deck Tech,1,0,Plains,2ED,Unlimited Edition,289,NearMint,Normal,English,3.56,2021-06-25,1.18,3.50,3.93
Deck Tech,1,0,Plains,2ED,Unlimited Edition,289,NearMint,Normal,English,3.65,2021-07-18,1.18,3.50,3.93
Deck Tech,2,0,Plains,2ED,Unlimited Edition,289,NearMint,Normal,English,4.19,2022-01-30,1.18,3.50,3.93
Deck Tech,1,0,Platinum Angel,CN2,Conspiracy: Take the Crown,214,NearMint,Normal,English,11.58,2021-06-21,7.36,10.03,9.66
Deck Tech,1,0,Platinum Emperion,PUMA,Ultimate Box Topper,U30,NearMint,Foil,English,40.77,2021-06-21,29.96,40.54,40.54
Deck Tech,1,0,Powerstone Minefield,APC,Apocalypse,115,NearMint,Normal,English,0.51,2021-07-06,0.23,0.66,0.66
Deck Tech,1,0,Prosperous Partnership,NCC,New Capenna Commander,178,NearMint,Normal,English,2.18,2022-05-07,1.19,2.19,1.80
Deck Tech,1,0,"Raffine, Scheming Seer",SNC,Streets of New Capenna,213,NearMint,Normal,English,7.68,2022-05-13,4.39,6.77,4.40
Deck Tech,1,0,"Raffine's Tower",SNC,Streets of New Capenna,254,NearMint,Normal,English,8.64,2022-05-21,6.90,9.19,7.71
Deck Tech,1,0,Rakdos Signet,CMA,Commander Anthology,226,NearMint,Normal,English,1.55,2021-07-06,0.69,1.21,0.84
Deck Tech,1,0,"Ravos, Soultender",C16,Commander 2016,39,NearMint,Foil,English,8.85,2021-07-06,5.00,7.61,7.26
Deck Tech,1,0,Reflecting Pool,CNS,Conspiracy,210,NearMint,Normal,English,26.13,2021-06-20,19.45,25.00,24.47
Deck Tech,1,0,Rugged Prairie,EVE,Eventide,178,NearMint,Normal,English,6.86,2021-07-06,3.40,6.87,7.45
Deck Tech,1,0,Scorched Ruins,WTH,Weatherlight,166,NearMint,Normal,English,40.00,2021-06-20,25.00,41.58,39.36
Deck Tech,1,0,Shattered Sanctum,VOW,Innistrad: Crimson Vow,264,NearMint,Normal,English,4.30,2021-11-26,5.99,7.85,7.87
Deck Tech,1,0,Shattered Seraph,SNC,Streets of New Capenna,398,NearMint,Foil,English,0.48,2022-05-07,0.21,0.53,0.26
Deck Tech,1,0,"Shorikai, Genesis Engine",NEC,Neon Dynasty Commander,4,NearMint,Normal,English,0.04,2022-02-20,0.24,1.04,0.77
Deck Tech,1,0,"Sigarda, Host of Herons",UMA,Ultimate Masters,206,NearMint,Normal,English,12.13,2021-07-06,10.75,13.70,13.87
Deck Tech,1,0,Simic Ascendancy,PRNA,Ravnica Allegiance Promos,207,NearMint,Foil,English,2.17,2022-05-21,1.19,2.67,2.25
Deck Tech,1,0,Skullclamp,CMA,Commander Anthology,230,NearMint,Normal,English,8.19,2021-06-20,8.49,10.51,11.31
Deck Tech,1,0,"Sophina, Spearsage Deserter",SLX,Universes Within,7,NearMint,Normal,English,0.00,2022-04-23,0.18,0.60,0.39
Deck Tech,1,0,"Spara's Adjudicators",SNC,Streets of New Capenna,400,NearMint,Foil,English,0.39,2022-05-14,0.23,0.49,0.26
Deck Tech,3,0,Steam Vents,RTR,Return to Ravnica,247,NearMint,Normal,English,13.97,2021-07-06,16.98,19.93,18.10
Deck Tech,1,0,Steam Vents,GRN,Guilds of Ravnica,257,NearMint,Normal,English,14.17,2021-07-06,15.49,19.89,18.38
Deck Tech,1,0,Sterling Grove,INV,Invasion,278,NearMint,Normal,English,14.72,2021-07-06,2.00,4.75,3.65
Deck Tech,1,0,Stomping Ground,GTC,Gatecrash,247,NearMint,Foil,English,20.17,2021-07-06,21.00,26.99,29.97
Deck Tech,1,0,Stomping Ground,RNA,Ravnica Allegiance,259,NearMint,Normal,English,10.40,2021-07-06,7.99,11.10,9.90
Deck Tech,1,0,Stonecoil Serpent,VELD,Throne of Eldraine Variants,385,NearMint,Foil,English,35.31,2021-06-21,19.92,23.38,20.50
Deck Tech,1,0,Stoneforge Masterwork,OGW,Oath of the Gatewatch,166,NearMint,Normal,English,2.16,2021-06-27,1.50,2.64,2.64
Deck Tech,1,0,Stormcarved Coast,VOW,Innistrad: Crimson Vow,265,NearMint,Foil,English,5.14,2021-11-26,11.31,15.11,14.45
Deck Tech,1,0,Stormcarved Coast,VOW,Innistrad: Crimson Vow,265,NearMint,Normal,English,4.83,2021-11-26,9.93,13.68,12.53
Deck Tech,1,0,Stromkirk Captain,C17,Commander 2017,197,NearMint,Normal,English,1.16,2022-01-30,0.23,0.56,0.32
Deck Tech,1,0,Su-Chi,ATQ,Antiquities,66,NearMint,Normal,English,40.00,2022-01-30,87.00,116.54,139.97
Deck Tech,1,0,Supreme Verdict,RTR,Return to Ravnica,201,NearMint,Normal,English,6.03,2021-07-06,7.00,10.58,10.59
Deck Tech,1,0,Swamp,ZEN,Zendikar,240,NearMint,Normal,English,0.25,2021-09-27,0.15,0.59,0.46
Deck Tech,1,0,Swamp,ZEN,Zendikar,241,NearMint,Normal,English,0.20,2021-09-27,0.14,0.40,0.26
Deck Tech,1,0,"Tameshi, Reality Architect",NEO,Kamigawa: Neon Dynasty,450,NearMint,Normal,English,0.73,2022-05-08,0.40,0.95,0.85
Deck Tech,2,0,Temple Garden,GRN,Guilds of Ravnica,258,NearMint,Normal,English,11.30,2021-07-06,10.76,12.50,12.12
Deck Tech,2,0,Temple Garden,RTR,Return to Ravnica,248,NearMint,Normal,English,11.50,2021-07-06,9.34,12.49,11.61
Deck Tech,1,0,"Tezzeret, Agent of Bolas",MBS,Mirrodin Besieged,97,NearMint,Normal,English,13.86,2021-07-06,6.46,10.90,10.68
Deck Tech,1,0,The Beamtown Bullies,NCC,New Capenna Commander,6,NearMint,Normal,English,0.85,2022-05-21,0.28,1.19,0.64
Deck Tech,1,0,Threefold Signal,NCC,New Capenna Commander,93,NearMint,Normal,English,7.48,2022-04-23,0.10,1.00,0.32
Deck Tech,1,0,"Tivit, Seller of Secrets",NCC,New Capenna Commander,10,NearMint,Normal,English,6.99,2022-04-23,0.20,0.99,0.33
Deck Tech,1,0,"Toxrill, the Corrosive",VOW,Innistrad: Crimson Vow,132,NearMint,Normal,English,10.25,2021-11-26,7.00,13.25,11.51
Deck Tech,1,0,Training Drone,PLIST,The List,646,NearMint,Normal,English,0.08,2022-04-24,0.05,0.20,0.07
Deck Tech,1,0,Tuvasa the Sunlit,C18,Commander 2018,47,NearMint,Foil,English,5.27,2021-06-27,7.28,10.19,9.15
Deck Tech,1,0,Tymna the Weaver,C16,Commander 2016,48,NearMint,Foil,English,10.00,2021-07-06,18.00,20.44,19.12
Deck Tech,1,0,Urborg Elf,APC,Apocalypse,90,NearMint,Foil,English,8.00,2022-05-21,10.75,13.75,14.06
Deck Tech,2,0,"Urza's Bauble",ICE,Ice Age,343,NearMint,Normal,English,4.19,2021-06-26,5.87,9.75,10.57
Deck Tech,1,0,Vault of Champions,CMR,Commander Legends,360,NearMint,Normal,English,5.78,2022-05-14,4.99,6.99,6.29
Deck Tech,1,0,Vein Drinker,C17,Commander 2017,130,NearMint,Normal,English,0.18,2021-07-06,0.08,0.40,0.22
Deck Tech,1,0,Voldaren Estate,VOW,Innistrad: Crimson Vow,267,NearMint,Normal,English,0.35,2022-04-24,0.03,0.62,0.24
Deck Tech,1,0,Wake to Slaughter,MID,Innistrad: Midnight Hunt,376,NearMint,Foil,English,0.19,2022-05-08,0.10,0.49,0.33
Deck Tech,1,0,"Wernog, Rider's Chaplain",SLX,Universes Within,8,NearMint,Normal,English,0.00,2022-04-23,0.01,0.64,0.40
Deck Tech,1,0,"Wernog, Rider's Chaplain",SLX,Universes Within,8,NearMint,Normal,English,0.38,2022-05-21,0.01,0.64,0.40
Deck Tech,1,0,Whispersilk Cloak,PCA,Planechase Anthology,115,NearMint,Normal,English,3.41,2021-06-20,1.99,3.19,3.09
Deck Tech,1,0,Whispersilk Cloak,C16,Commander 2016,280,NearMint,Normal,English,3.48,2021-06-20,2.24,3.64,3.71
Deck Tech,1,0,Whispersilk Cloak,M11,Magic 2011,221,NearMint,Normal,English,2.73,2021-06-20,1.64,2.83,2.65
Deck Tech,1,0,Widespread Thieving,SNC,Streets of New Capenna,428,NearMint,Normal,English,0.24,2022-05-08,0.08,0.30,0.14
Deck Tech,1,0,Widespread Thieving,SNC,Streets of New Capenna,130,NearMint,Normal,English,0.14,2022-05-08,0.06,0.30,0.12
Deck Tech,3,0,Windswept Heath,KTK,Khans of Tarkir,248,NearMint,Normal,English,10.00,2021-07-06,19.99,27.80,25.56
Deck Tech,1,0,Windswept Heath,ONS,Onslaught,328,NearMint,Normal,English,59.45,2021-07-06,45.49,64.99,67.03
Deck Tech,3,0,Wooded Foothills,KTK,Khans of Tarkir,249,NearMint,Normal,English,10.00,2021-07-06,25.00,36.99,30.99
Deck Tech,1,0,"Ziatora's Proving Ground",SNC,Streets of New Capenna,261,NearMint,Normal,English,7.39,2022-05-21,5.43,7.76,6.36
Deck Tech,1,0,"Ziatora's Proving Ground",SNC,Streets of New Capenna,295,NearMint,Normal,English,21.54,2022-04-24,12.00,18.12,16.60
Black,1,0,Animate Dead,4ED,Fourth Edition,118,NearMint,Normal,English,4.06,2021-06-13,3.00,4.00,3.80
Black,1,0,Animate Dead,5ED,Fifth Edition,140,NearMint,Normal,English,3.54,2021-06-13,2.98,4.14,4.75
Black,1,0,"Anowon, the Ruin Sage",C17,Commander 2017,96,NearMint,Normal,English,2.60,2021-06-13,0.10,0.96,0.30
Black,1,0,"Arvinox, the Mind Flail",SLX,Universes Within,1,NearMint,Normal,English,0.65,2022-05-21,0.25,1.66,0.84
Black,1,0,Blood Tribute,C17,Commander 2017,100,NearMint,Normal,English,1.83,2021-06-13,1.50,2.46,2.49
Black,1,0,Bloodbond Vampire,BFZ,Battle for Zendikar,104,NearMint,Normal,English,0.13,2022-01-30,0.01,0.25,0.13
Black,1,0,Bloodflow Connoisseur,UMA,Ultimate Masters,86,NearMint,Normal,English,0.03,2021-11-07,0.08,0.25,0.18
Black,3,0,Bloodghast,ZEN,Zendikar,83,NearMint,Normal,English,14.16,2021-06-13,9.98,12.26,10.99
Black,1,0,Bloodline Culling,MID,Innistrad: Midnight Hunt,343,NearMint,Foil,English,0.20,2021-10-24,0.24,0.49,0.35
Black,1,0,Bloodline Culling,MID,Innistrad: Midnight Hunt,89,NearMint,Foil,English,0.20,2022-01-30,0.09,0.45,0.16
Black,1,0,Bloodline Necromancer,C17,Commander 2017,14,NearMint,Normal,English,3.40,2021-06-13,0.01,0.50,0.20
Black,1,0,Bloodmist Infiltrator,RNA,Ravnica Allegiance,65,NearMint,Normal,English,0.04,2022-01-30,0.01,0.25,0.03
Black,1,0,Bloodvial Purveyor,VOW,Innistrad: Crimson Vow,290,NearMint,Normal,English,0.26,2022-04-24,0.20,0.57,0.26
Black,1,0,Bloodvial Purveyor,VOW,Innistrad: Crimson Vow,98,NearMint,Normal,English,0.15,2022-04-24,0.10,0.40,0.15
Black,1,0,Butcher of Malakir,CMA,Commander Anthology,50,NearMint,Normal,English,1.90,2021-06-13,0.25,0.88,0.88
Black,1,0,Call the Bloodline,SOI,Shadows over Innistrad,103,NearMint,Normal,English,0.06,2021-11-07,0.08,0.25,0.13
Black,1,0,Cemetery Desecrator,VOW,Innistrad: Crimson Vow,100,NearMint,Normal,English,0.43,2022-04-24,0.04,0.75,0.41
Black,1,0,Child of Night,CN2,Conspiracy: Take the Crown,130,NearMint,Normal,English,0.02,2021-11-07,0.02,0.22,0.06
Black,1,0,Collective Brutality,EMN,Eldritch Moon,85,NearMint,Normal,English,4.96,2021-06-13,2.61,4.41,4.07
Black,1,0,Crippling Fear,KHM,Kaldheim,350,NearMint,Normal,English,0.24,2021-07-31,0.50,1.00,0.96
Black,1,0,Crowded Crypt,MIC,Midnight Hunt Commander,55,NearMint,Normal,English,1.34,2022-01-30,0.69,1.58,1.57
Black,1,0,Dakmor Salvage,MMA,Modern Masters,222,NearMint,Foil,English,1.16,2021-06-13,1.67,2.84,2.28
Black,1,0,Dance of the Dead,ICE,Ice Age,118,NearMint,Normal,English,7.82,2021-06-26,5.20,9.22,9.26
Black,1,0,Dark Ritual,DVD,Duel Decks Anthology: Divine vs. Demonic,45,NearMint,Normal,English,2.33,2021-06-13,1.99,3.00,2.85
Black,1,0,Deathgreeter,ALA,Shards of Alara,71,NearMint,Normal,English,2.17,2021-06-13,0.57,1.26,1.07
Black,1,0,Deathgreeter,GVL,Duel Decks Anthology: Garruk vs. Liliana,33,NearMint,Normal,English,4.92,2021-06-13,2.69,3.35,3.44
Black,1,0,Demonic Bargain,VOW,Innistrad: Crimson Vow,103,NearMint,Normal,English,0.19,2022-04-24,0.10,0.40,0.20
Black,1,0,Demonic Bargain,VOW,Innistrad: Crimson Vow,368,NearMint,Foil,English,1.14,2021-11-26,0.25,1.15,0.82
Black,2,0,Demonic Tutor,UMA,Ultimate Masters,93,NearMint,Normal,English,43.19,2021-06-13,33.00,42.09,39.30
Black,1,0,Demonlord Belzenlok,DOM,Dominaria,86,NearMint,Normal,English,2.02,2021-06-13,0.54,1.65,1.65
Black,1,0,Dismember,MM2,Modern Masters 2015,79,NearMint,Normal,English,2.92,2021-06-13,1.34,2.40,1.70
Black,1,0,"Drana, Kalastria Bloodchief",C17,Commander 2017,112,NearMint,Normal,English,0.42,2021-06-13,0.10,0.64,0.40
Black,2,0,Exsanguinate,SOM,Scars of Mirrodin,61,NearMint,Normal,English,9.75,2021-06-13,4.25,7.99,7.58
Black,1,0,Falkenrath Forebear,VOW,Innistrad: Crimson Vow,334,NearMint,Foil,English,0.99,2021-11-26,0.69,1.77,1.11
Black,1,0,Falkenrath Forebear,VOW,Innistrad: Crimson Vow,334,NearMint,Normal,English,0.95,2021-11-26,0.34,1.19,0.97
Black,2,0,Go for the Throat,C17,Commander 2017,114,NearMint,Normal,English,2.40,2021-06-13,0.74,1.37,1.07
Black,1,0,Graveborn Muse,PLIST,The List,523,NearMint,Normal,English,3.27,2022-02-20,3.28,4.53,4.03
Black,4,0,Gravecrawler,DKA,Dark Ascension,64,NearMint,Normal,English,8.59,2021-06-13,8.00,12.62,11.63
Black,1,0,Headless Rider,PVOW,Innistrad: Crimson Vow Promos,118p,NearMint,Normal,English,1.40,2022-04-24,0.69,1.23,1.23
Black,1,0,Headless Rider,VOW,Innistrad: Crimson Vow,372,NearMint,Foil,English,2.83,2021-11-26,1.99,3.13,2.99
Black,1,0,"Henrika Domnathi // Henrika, Infernal Seer",VOW,Innistrad: Crimson Vow,293,NearMint,Normal,English,9.74,2021-11-14,0.90,2.17,1.84
Black,1,0,"Hidetsugu, Devouring Chaos",NEO,Kamigawa: Neon Dynasty,378,NearMint,Foil,English,1.56,2022-04-23,0.74,1.99,1.42
Black,1,0,Inquisition of Kozilek,MM3,Modern Masters 2017,75,NearMint,Normal,English,3.89,2021-06-13,1.29,2.72,2.02
Black,2,0,Inquisition of Kozilek,ROE,Rise of the Eldrazi,115,NearMint,Normal,English,5.39,2021-06-13,1.49,2.91,2.50
Black,1,0,Mausoleum Secrets,PGRN,Guilds of Ravnica Promos,75s,NearMint,Foil,English,2.47,2021-06-13,1.75,2.82,2.47
Black,1,0,Morkrut Behemoth,MID,Innistrad: Midnight Hunt,114,NearMint,Foil,English,0.06,2022-01-30,0.01,0.25,0.08
Black,1,0,Myojin of Grim Betrayal,NEC,Neon Dynasty Commander,34,NearMint,Normal,English,0.25,2022-02-20,0.04,0.49,0.15
Black,1,0,"Predators' Hour",VOC,Crimson Vow Commander,59,NearMint,Normal,English,2.63,2021-11-26,0.52,1.65,1.51
Black,1,0,Puppeteer Clique,C17,Commander 2017,121,NearMint,Normal,English,5.49,2021-06-13,0.99,2.60,2.63
Black,1,0,"Razaketh, the Foulblooded",HOU,Hour of Devastation,73,NearMint,Normal,English,29.80,2021-06-13,13.51,21.06,19.63
Black,1,0,Ruthless Technomancer,NEC,Neon Dynasty Commander,56,NearMint,Normal,Japanese,2.87,2022-04-23,2.00,3.40,3.40
Black,1,0,Sanguine Bond,C17,Commander 2017,124,NearMint,Normal,English,3.24,2021-06-13,1.25,2.49,2.16
Black,1,0,Sengir Vampire,3ED,Revised Edition,129,NearMint,Normal,English,3.49,2021-06-13,0.19,1.71,1.90
Black,1,0,"Sengir, the Dark Baron",CMR,Commander Legends,149,NearMint,Normal,English,0.19,2022-05-14,0.09,0.38,0.18
Black,1,0,Shady Traveler // Stalking Predator,MID,Innistrad: Midnight Hunt,291,NearMint,Foil,English,0.03,2022-01-30,0.01,0.25,0.01
Black,1,0,Sinkhole,EMA,Eternal Masters,106,NearMint,Normal,English,6.99,2021-06-21,4.50,6.15,6.11
Black,2,0,Snuff Out,MMQ,Mercadian Masques,162,NearMint,Normal,English,3.62,2021-06-13,3.75,5.37,5.31
Black,1,0,Sphere of Annihilation,AFR,Adventures in the Forgotten Realms,376,NearMint,Foil,English,1.25,2021-07-31,0.30,0.99,0.62
Black,1,0,Spirit of the Night,MIR,Mirage,146,Poor,Normal,English,18.37,2021-06-13,4.50,9.00,9.37
Black,1,0,Spoils of Evil,ICE,Ice Age,163,NearMint,Normal,English,12.08,2021-06-26,3.94,6.83,6.51
Black,1,0,Swamp,RTR,Return to Ravnica,263,NearMint,Foil,English,0.25,2021-09-12,0.15,0.45,0.24
Black,1,0,Swamp,KLD,Kaladesh,256,NearMint,Foil,English,0.29,2021-09-12,0.24,0.62,0.62
Black,1,0,Swamp,IKO,Ikoria: Lair of Behemoths,266,NearMint,Foil,English,0.20,2021-09-12,0.25,0.57,0.38
Black,1,0,Swamp,ZEN,Zendikar,240,NearMint,Normal,English,0.25,2021-09-27,0.15,0.59,0.46
Black,1,0,Vampire Interloper,MID,Innistrad: Midnight Hunt,125,NearMint,Foil,English,0.25,2021-10-22,0.02,0.25,0.04
Black,2,0,Vault of Whispers,MRD,Mirrodin,286,NearMint,Normal,English,1.12,2021-06-21,0.45,1.50,1.50
Black,1,0,Voldaren Bloodcaster // Bloodbat Summoner,VOW,Innistrad: Crimson Vow,338,NearMint,Normal,English,1.69,2021-11-26,0.78,2.74,2.81
Black,1,0,"Vraska's Contempt",XLN,Ixalan,129,NearMint,Normal,English,1.89,2021-06-13,0.10,1.25,0.62
Black,1,0,Whip of Erebos,THS,Theros,110,NearMint,Normal,English,7.08,2021-06-13,4.00,6.54,6.51
Black,1,0,"Witch's Vengeance",VELD,Throne of Eldraine Variants,358,NearMint,Normal,English,0.96,2021-06-13,0.35,1.00,0.53
Blue,1,0,All-Seeing Arbiter,SNC,Streets of New Capenna,34,NearMint,Normal,English,2.91,2022-04-24,0.10,0.53,0.27
Blue,1,0,Ancestral Vision,DD2,Duel Decks: Jace vs. Chandra,21,NearMint,Normal,English,6.32,2021-06-13,1.99,3.85,3.50
Blue,1,0,Arcane Denial,CMA,Commander Anthology,30,NearMint,Normal,English,0.70,2021-06-13,1.64,2.28,1.80
Blue,1,0,Arcane Denial,C16,Commander 2016,83,NearMint,Normal,English,1.40,2021-06-13,1.75,2.37,2.02
Blue,1,0,Arcanis the Omnipotent,C17,Commander 2017,80,NearMint,Normal,English,0.58,2021-06-13,0.56,1.45,1.16
Blue,1,0,Aven Courier,NCC,New Capenna Commander,123,NearMint,Normal,English,0.35,2022-05-07,0.25,0.50,0.34
Blue,1,0,"Azami, Lady of Scrolls",CMA,Commander Anthology,31,NearMint,Normal,English,0.49,2021-06-13,0.69,1.16,1.07
Blue,1,0,Back to Basics,UMA,Ultimate Masters,46,NearMint,Normal,English,12.95,2021-06-13,9.00,12.62,11.47
Blue,1,0,"Baki's Curse",HML,Homelands,22,NearMint,Normal,English,1.32,2022-01-30,0.60,1.25,0.93
Blue,1,0,Bident of Thassa,THS,Theros,42,NearMint,Normal,English,2.08,2021-06-13,1.94,3.31,3.36
Blue,1,0,Breath of the Sleepless,VOC,Crimson Vow Commander,49,NearMint,Normal,English,0.23,2021-11-26,0.11,0.48,0.21
Blue,1,0,Cemetery Illuminator,VOW,Innistrad: Crimson Vow,50,NearMint,Normal,English,1.90,2022-04-24,1.00,2.41,1.99
Blue,1,0,Chain of Vapor,ONS,Onslaught,73,NearMint,Normal,English,7.00,2021-06-13,5.75,8.26,8.30
Blue,1,0,Chain of Vapor,C16,Commander 2016,84,NearMint,Normal,English,9.19,2021-06-13,6.00,8.60,7.73
Blue,1,0,Chasm Skulker,C16,Commander 2016,85,NearMint,Normal,English,3.99,2021-06-13,2.74,4.42,4.42
Blue,1,0,Clever Impersonator,KTK,Khans of Tarkir,34,NearMint,Foil,English,10.49,2021-06-13,8.10,11.36,11.39
Blue,2,0,Counterspell,MMQ,Mercadian Masques,69,NearMint,Normal,English,1.67,2021-06-13,0.99,1.99,2.32
Blue,1,0,Deepglow Skate,C16,Commander 2016,7,NearMint,Normal,English,1.98,2021-06-13,1.99,3.45,3.24
Blue,1,0,Devastation Tide,C16,Commander 2016,87,NearMint,Normal,English,2.25,2021-06-13,1.25,1.91,1.79
Blue,1,0,Dictate of Kruphix,C18,Commander 2018,86,NearMint,Normal,English,1.54,2021-06-21,0.80,2.13,2.39
Blue,1,0,Dig Through Time,PLG21,Love Your LGS 2021,2,NearMint,Foil,English,0.74,2022-02-20,0.70,1.68,1.44
Blue,2,0,Diplomatic Immunity,MMQ,Mercadian Masques,75,NearMint,Normal,English,0.29,2021-06-13,0.40,1.02,1.08
Blue,2,0,Docent of Perfection // Final Iteration,EMN,Eldritch Moon,56,NearMint,Normal,English,1.94,2021-06-13,1.38,2.49,1.91
Blue,1,0,Dreamscape Artist,UMA,Ultimate Masters,52,NearMint,Normal,English,0.11,2021-06-13,0.10,0.34,0.19
Blue,1,0,Embargo,MMQ,Mercadian Masques,77,NearMint,Normal,English,0.75,2021-06-13,1.00,2.08,1.87
Blue,1,0,"Errant, Street Artist",SNC,Streets of New Capenna,344,NearMint,Foil,English,5.63,2022-04-23,0.30,0.99,0.48
Blue,1,0,"Errant, Street Artist",SNC,Streets of New Capenna,344,NearMint,Normal,English,0.19,2022-05-14,0.10,0.40,0.21
Blue,1,0,Fatespinner,MRD,Mirrodin,36,NearMint,Normal,English,3.72,2021-06-13,3.00,4.86,4.42
Blue,1,0,Foil,UMA,Ultimate Masters,55,NearMint,Foil,English,0.83,2021-06-13,0.49,1.48,0.91
Blue,2,0,Gush,MMQ,Mercadian Masques,82,NearMint,Normal,English,0.23,2021-06-13,0.25,0.90,0.77
Blue,1,0,Gush,JVC,Duel Decks Anthology: Jace vs. Chandra,27,NearMint,Normal,English,0.89,2021-06-13,0.89,1.99,1.89
Blue,1,0,Haunting Imitation,VOC,Crimson Vow Commander,51,NearMint,Normal,English,1.30,2021-11-26,0.14,0.50,0.18
Blue,1,0,High Tide,FEM,Fallen Empires,18c,NearMint,Normal,English,0.30,2021-06-13,0.21,1.00,1.01
Blue,1,0,Homarid Shaman,FEM,Fallen Empires,20,NearMint,Normal,English,1.42,2021-06-13,0.65,1.55,1.61
Blue,1,0,Hullbreaker Horror,VOW,Innistrad: Crimson Vow,359,NearMint,Foil,English,16.52,2021-11-26,16.00,18.46,17.01
Blue,1,0,Hullbreaker Horror,VOW,Innistrad: Crimson Vow,63,NearMint,Normal,English,7.62,2021-11-26,2.79,5.00,4.27
Blue,1,0,Illusions of Grandeur,ICE,Ice Age,79,NearMint,Normal,English,17.54,2021-06-26,4.79,9.99,10.31
Blue,1,0,Island,MMQ,Mercadian Masques,338,NearMint,Foil,English,4.26,2021-10-24,4.72,9.48,6.28
Blue,1,0,Island,INV,Invasion,335,NearMint,Foil,English,5.23,2021-10-24,4.00,8.74,8.60
Blue,1,0,Island,M11,Magic 2011,237,NearMint,Foil,English,0.25,2021-10-24,0.25,0.69,0.55
Blue,1,0,Island,SNC,Streets of New Capenna,275,NearMint,Foil,English,0.36,2022-05-14,0.15,0.83,0.53
Blue,2,0,"Jacob Hauken, Inspector // Hauken's Insight",VOW,Innistrad: Crimson Vow,332,NearMint,Foil,English,4.77,2021-11-26,1.50,3.01,2.07
Blue,1,0,"Jacob Hauken, Inspector // Hauken's Insight",VOW,Innistrad: Crimson Vow,332,NearMint,Normal,English,3.56,2021-11-26,0.49,1.63,1.21
Blue,1,0,"Kairi, the Swirling Sky",NEO,Kamigawa: Neon Dynasty,60,NearMint,Normal,English,0.84,2022-04-23,0.25,1.10,0.91
Blue,1,0,"Kairi, the Swirling Sky",NEO,Kamigawa: Neon Dynasty,408,NearMint,Normal,English,4.75,2022-02-25,2.99,4.55,4.73
Blue,1,0,Loyal Drake,C18,Commander 2018,10,NearMint,Normal,English,0.42,2021-06-21,0.74,1.47,1.25
Blue,1,0,"Lu Xun, Scholar General",CMA,Commander Anthology,41,NearMint,Normal,English,0.27,2021-06-13,0.18,0.45,0.34
Blue,1,0,Malevolent Hermit // Benevolent Geist,MID,Innistrad: Midnight Hunt,336,NearMint,Normal,English,4.73,2022-01-30,3.64,5.22,5.47
Blue,1,0,Muse Vortex,C21,Commander 2021,355,NearMint,Normal,English,0.25,2021-07-24,0.18,0.50,0.24
Blue,1,0,Myojin of Cryptic Dreams,NEC,Neon Dynasty Commander,33,NearMint,Normal,English,0.24,2022-02-20,0.10,0.40,0.20
Blue,2,0,Mystic Remora,ICE,Ice Age,87,NearMint,Normal,English,9.58,2021-06-26,7.98,10.25,9.73
Blue,1,0,Necroduality,VOW,Innistrad: Crimson Vow,70,NearMint,Normal,English,13.99,2022-02-20,9.00,12.06,10.35
Blue,1,0,Necroduality,VOW,Innistrad: Crimson Vow,362,NearMint,Normal,English,18.86,2021-11-26,10.00,15.30,13.18
Blue,1,0,One with the Machine,M19,Core Set 2019,66,NearMint,Normal,English,0.10,2021-06-13,0.14,0.50,0.33
Blue,1,0,"Orvar, the All-Form",KHM,Kaldheim,305,NearMint,Normal,English,3.52,2021-09-29,2.30,3.55,3.10
Blue,1,0,Overcharged Amalgam,VOW,Innistrad: Crimson Vow,71,NearMint,Normal,English,0.61,2022-04-24,0.20,0.95,0.52
Blue,1,0,"Polymorphist's Jest",C17,Commander 2017,90,NearMint,Normal,English,1.25,2021-06-13,2.62,4.00,4.43
Blue,1,0,Propaganda,C16,Commander 2016,94,NearMint,Normal,English,4.11,2021-06-13,4.73,5.72,4.91
Blue,2,0,Rapid Hybridization,GTC,Gatecrash,44,NearMint,Normal,English,2.03,2021-06-13,1.20,2.74,1.49
Blue,1,0,"Rayne, Academy Chancellor",UDS,"Urza's Destiny",43,NearMint,Normal,English,0.68,2021-06-13,0.87,1.95,1.85
Blue,1,0,Reins of Power,C16,Commander 2016,96,NearMint,Normal,English,1.00,2021-06-13,1.00,2.50,2.58
Blue,1,0,Remand,MM2,Modern Masters 2015,55,NearMint,Normal,English,2.99,2021-06-13,1.25,2.70,1.80
Blue,1,0,Rhystic Study,PCY,Prophecy,45,NearMint,Normal,English,33.29,2021-06-13,29.99,36.99,36.45
Blue,1,0,Ruin Crab,ZNR,Zendikar Rising,295,NearMint,Foil,English,1.01,2021-08-28,0.25,1.25,0.79
Blue,1,0,Sand Squid,MMQ,Mercadian Masques,96,NearMint,Foil,English,7.10,2021-06-21,10.65,28.01,10.65
Blue,1,0,Seat of the Synod,MRD,Mirrodin,283,NearMint,Normal,English,1.60,2021-06-21,1.79,3.25,2.75
Blue,1,0,Serum Visions,CN2,Conspiracy: Take the Crown,120,NearMint,Normal,English,0.98,2021-06-13,0.33,1.00,0.58
Blue,1,0,Serum Visions,MM3,Modern Masters 2017,49,NearMint,Normal,English,1.00,2021-06-13,0.43,1.27,0.79
Blue,1,0,Sorcerous Sight,POR,Portal,68,NearMint,Normal,English,0.60,2021-06-13,0.61,1.25,1.23
Blue,1,0,Spell Pierce,NEO,Kamigawa: Neon Dynasty,80,NearMint,Foil,English,0.45,2022-04-24,0.20,0.67,0.67
Blue,1,0,Stolen by the Fae,VELD,Throne of Eldraine Variants,348,NearMint,Normal,English,0.75,2021-06-13,0.75,1.25,1.15
Blue,1,0,Sunken Hope,PCA,Planechase Anthology,26,NearMint,Normal,English,0.10,2021-06-13,0.10,0.45,0.20
Blue,1,0,Swan Song,THS,Theros,65,NearMint,Normal,English,9.49,2021-06-13,10.99,14.15,13.50
Blue,1,0,Swan Song,C16,Commander 2016,98,NearMint,Normal,English,13.25,2021-06-13,12.00,15.99,15.81
Blue,1,0,"Tasha's Hideous Laughter",AFR,Adventures in the Forgotten Realms,368,NearMint,Normal,English,5.49,2021-07-31,2.92,5.43,5.43
Blue,1,0,"Teferi's Isle",MIR,Mirage,330,NearMint,Normal,English,19.39,2021-06-13,3.50,9.39,9.33
Blue,1,0,"Tetsuko Umezawa, Fugitive",DOM,Dominaria,69,NearMint,Normal,English,1.46,2021-06-13,0.84,2.01,1.56
Blue,1,0,"Tezzeret, Betrayer of Flesh",NEO,Kamigawa: Neon Dynasty,84,NearMint,Normal,English,4.00,2022-02-25,2.00,3.80,3.07
Blue,1,0,"Tezzeret's Gambit",STA,Strixhaven Mystical Archive,21,NearMint,Normal,English,0.10,2021-11-13,0.10,0.55,0.42
Blue,1,0,The Reality Chip,NEO,Kamigawa: Neon Dynasty,74,NearMint,Normal,English,1.78,2022-04-23,0.67,2.00,1.83
Blue,2,0,Thing in the Ice // Awoken Horror,SOI,Shadows over Innistrad,92,NearMint,Normal,English,3.99,2021-06-13,13.94,16.95,15.16
Blue,1,0,Thirst for Discovery,VOW,Innistrad: Crimson Vow,333,NearMint,Foil,English,0.23,2022-04-24,0.09,0.49,0.22
Blue,1,0,Tribute Mage,MH1,Modern Horizons,73,NearMint,Normal,English,0.24,2021-06-13,0.46,1.00,0.92
Red,1,0,Act of Aggression,NPH,New Phyrexia,78,NearMint,Normal,English,0.24,2021-06-25,0.10,0.33,0.24
Red,1,0,"Akroma, Angel of Fury",CMA,Commander Anthology,75,NearMint,Normal,English,1.54,2021-06-25,0.41,1.25,0.98
Red,1,0,Anger of the Gods,THS,Theros,112,NearMint,Normal,English,1.21,2021-06-25,0.64,1.49,1.24
Red,1,0,An-Zerrin Ruins,HML,Homelands,64,NearMint,Normal,English,1.00,2021-06-25,1.29,3.00,2.54
Red,1,0,"Atsushi, the Blazing Sky",NEO,Kamigawa: Neon Dynasty,134,NearMint,Normal,English,3.57,2022-04-23,3.25,5.09,4.79
Red,1,0,Bloodmark Mentor,DDG,Duel Decks: Knights vs. Dragons,50,NearMint,Normal,English,2.59,2021-06-25,0.90,2.32,2.32
Red,1,0,Bloodsworn Steward,C17,Commander 2017,22,NearMint,Normal,English,2.82,2021-06-25,0.04,0.77,0.25
Red,1,0,Bogardan Hellkite,DDG,Duel Decks: Knights vs. Dragons,47,NearMint,Foil,English,0.92,2021-06-25,0.35,0.93,0.85
Red,1,0,Bonecrusher Giant // Stomp,VELD,Throne of Eldraine Variants,291,NearMint,Foil,English,2.53,2021-06-25,5.43,8.15,8.18
Red,1,0,Breath of Fury,C16,Commander 2016,121,NearMint,Normal,English,2.04,2021-06-25,4.21,5.35,5.23
Red,1,0,Cemetery Gatekeeper,VOW,Innistrad: Crimson Vow,148,NearMint,Foil,English,4.85,2022-04-24,3.15,4.96,4.06
Red,1,0,Chain Lightning,EMA,Eternal Masters,123,NearMint,Normal,English,2.33,2021-06-25,1.35,2.25,1.86
Red,1,0,"Chandra, Dressed to Kill",VOW,Innistrad: Crimson Vow,149,NearMint,Normal,English,29.67,2022-04-24,23.44,28.59,25.52
Red,1,0,Change of Fortune,VOW,Innistrad: Crimson Vow,375,NearMint,Normal,English,0.77,2022-04-24,0.25,0.94,0.64
Red,1,0,Change of Fortune,VOW,Innistrad: Crimson Vow,150,NearMint,Normal,English,0.56,2022-04-24,0.16,0.65,0.44
Red,1,0,Change of Fortune,VOW,Innistrad: Crimson Vow,150,NearMint,Foil,English,0.50,2022-04-24,0.25,0.85,0.49
Red,1,0,Chaos Warp,C17,Commander 2017,131,NearMint,Normal,English,2.30,2021-06-25,1.42,2.34,2.22
Red,1,0,Chaos Warp,C16,Commander 2016,122,NearMint,Normal,English,2.47,2021-06-25,1.50,2.38,2.00
Red,1,0,Chaosphere,MIR,Mirage,164,NearMint,Normal,English,1.00,2021-06-25,4.50,7.81,7.25
Red,1,0,Crimson Honor Guard,C17,Commander 2017,23,NearMint,Normal,English,0.48,2021-06-25,0.06,0.50,0.10
Red,1,0,Dominating Vampire,VOW,Innistrad: Crimson Vow,305,NearMint,Normal,English,0.16,2022-04-24,0.14,0.49,0.18
Red,1,0,Dragonspeaker Shaman,DDG,Duel Decks: Knights vs. Dragons,53,NearMint,Normal,English,1.00,2021-06-25,0.55,1.71,1.04
Red,1,0,Dragonspeaker Shaman,SCG,Scourge,89,NearMint,Normal,English,1.00,2021-06-25,0.66,1.45,1.30
Red,1,0,Dragonstorm,MMA,Modern Masters,111,NearMint,Normal,English,1.72,2021-06-25,3.08,4.02,3.82
Red,1,0,Dwarven Miner,MIR,Mirage,169,NearMint,Normal,English,3.33,2021-06-25,0.60,2.00,1.71
Red,1,0,Glittering Stockpile,SNC,Streets of New Capenna,107,NearMint,Normal,English,0.18,2022-04-24,0.05,0.24,0.13
Red,1,0,Goblin Spymaster,C16,Commander 2016,19,NearMint,Normal,English,10.34,2021-06-25,7.69,9.67,9.75
Red,1,0,Harvesttide Infiltrator // Harvesttide Assailant,MID,Innistrad: Midnight Hunt,293,NearMint,Normal,English,0.02,2022-01-30,0.01,0.15,0.01
Red,1,0,Impact Tremors,DTK,Dragons of Tarkir,140,NearMint,Normal,English,2.85,2021-06-25,1.52,2.86,2.25
Red,1,0,Irencrag Pyromancer,VELD,Throne of Eldraine Variants,363,NearMint,Normal,English,1.65,2021-06-25,0.94,1.63,1.45
Red,1,0,"Jaxis, the Troublemaker",SNC,Streets of New Capenna,461,NearMint,Foil,English,1.21,2022-05-21,0.73,1.40,0.95
Red,1,0,"Jaxis, the Troublemaker",SNC,Streets of New Capenna,112,NearMint,Normal,English,1.34,2022-04-24,0.13,0.54,0.39
Red,1,0,"Jaxis, the Troublemaker",SNC,Streets of New Capenna,112,NearMint,Foil,English,4.49,2022-04-24,0.20,0.86,0.49
Red,1,0,Kilnmouth Dragon,LGN,Legions,104,NearMint,Normal,English,1.03,2021-06-25,0.50,1.04,1.02
Red,1,0,"Lathliss, Dragon Queen",M19,Core Set 2019,149,NearMint,Normal,English,2.49,2021-06-25,1.95,3.29,3.42
Red,3,0,Lightning Bolt,3ED,Revised Edition,162,NearMint,Normal,English,3.22,2021-06-25,1.39,2.75,3.05
Red,1,0,Lightning Bolt,4ED,Fourth Edition,208,NearMint,Normal,English,2.60,2021-06-25,1.19,2.27,2.05
Red,1,0,Markov Enforcer,VOC,Crimson Vow Commander,64,NearMint,Normal,English,0.81,2021-11-26,0.09,0.50,0.19
Red,1,0,Mrton Stromgald,ICE,Ice Age,199,NearMint,Normal,English,15.13,2021-06-26,9.79,14.11,15.75
Red,1,0,Mizzium Mortars,RTR,Return to Ravnica,101,NearMint,Foil,English,3.12,2021-06-25,1.45,2.44,3.43
Red,1,0,Mizzium Tank,PLIST,The List,686,NearMint,Normal,English,0.12,2022-05-21,0.08,0.35,0.11
Red,1,0,Moltensteel Dragon,NPH,New Phyrexia,88,NearMint,Normal,Russian,0.88,2021-06-25,0.48,0.88,0.70
Red,1,0,Mountain,MID,Innistrad: Midnight Hunt,275,NearMint,Foil,English,0.49,2021-10-22,0.22,0.79,0.34
Red,1,0,Nalathni Dragon,PDRC,Dragon Con,1,NearMint,Normal,English,5.00,2021-06-25,3.81,7.59,7.90
Red,1,0,"Neheb, the Eternal",HOU,Hour of Devastation,104,NearMint,Normal,English,5.00,2021-06-25,15.00,19.99,20.17
Red,1,0,Omen of Fire,ALL,Alliances,75,NearMint,Normal,English,5.56,2021-06-25,2.68,5.50,4.89
Red,1,0,Past in Flames,ISD,Innistrad,155,NearMint,Normal,English,2.67,2021-06-25,0.99,2.59,1.79
Red,1,0,Past in Flames,C16,Commander 2016,131,NearMint,Normal,English,2.47,2021-06-25,1.20,2.48,1.68
Red,1,0,Pyretic Ritual,M11,Magic 2011,153,NearMint,Foil,English,1.00,2021-06-25,10.82,13.48,13.20
Red,2,0,Pyretic Ritual,M11,Magic 2011,153,NearMint,Normal,English,3.34,2021-06-25,1.46,2.85,2.37
Red,2,0,Pyroblast,ICE,Ice Age,213,Good,Normal,English,3.10,2021-06-26,2.13,3.72,3.78
Red,1,0,Rakish Heir,C17,Commander 2017,140,NearMint,Normal,English,0.28,2021-06-25,0.12,0.35,0.25
Red,1,0,Relentless Assault,DDT,Duel Decks: Merfolk vs. Goblins,54,NearMint,Normal,English,0.85,2021-06-25,0.85,1.63,1.66
Red,1,0,Seismic Assault,UMA,Ultimate Masters,146,NearMint,Normal,English,0.56,2021-06-25,0.33,0.95,0.64
Red,1,0,Seize the Day,UMA,Ultimate Masters,147,NearMint,Normal,English,8.85,2021-06-25,7.97,9.52,9.38
Red,2,0,Shivan Dragon,4ED,Fourth Edition,220,NearMint,Normal,English,5.00,2021-06-25,2.74,4.27,6.91
Red,2,0,Shivan Dragon,3ED,Revised Edition,177,NearMint,Normal,English,5.00,2021-06-25,9.75,18.99,32.73
Red,1,0,Shock,STA,Strixhaven Mystical Archive,44,NearMint,Foil,English,0.50,2021-09-12,0.10,0.49,0.26
Red,1,0,"Sokenzan, Crucible of Defiance",NEO,Kamigawa: Neon Dynasty,276,NearMint,Normal,English,2.26,2022-05-14,0.75,2.46,2.07
Red,1,0,Spiteful Repossession,NCC,New Capenna Commander,98,NearMint,Foil,English,1.29,2022-05-07,0.23,1.01,0.36
Red,2,0,Splinter Twin,ROE,Rise of the Eldrazi,165,NearMint,Normal,English,10.18,2021-06-25,6.73,10.18,9.27
Red,1,0,Stensia Masquerade,SOI,Shadows over Innistrad,184,NearMint,Normal,English,0.72,2021-06-25,0.08,0.43,0.12
Red,1,0,Stone Rain,STA,Strixhaven Mystical Archive,45etc,NearMint,Foil,English,0.89,2021-09-12,0.22,0.99,0.52
Red,1,0,Stranglehold,CMA,Commander Anthology,87,NearMint,Normal,English,5.00,2021-06-25,15.96,18.19,15.96
Red,1,0,Stromkirk Noble,ISD,Innistrad,164,NearMint,Normal,English,0.19,2021-10-24,0.34,0.73,0.49
Red,1,0,Turf War,NCC,New Capenna Commander,154,NearMint,Normal,English,0.36,2022-05-14,0.20,0.49,0.29
Red,1,0,Two-Headed Dragon,MMQ,Mercadian Masques,221,NearMint,Normal,English,1.19,2021-06-25,0.65,1.39,1.54
Red,1,0,"Urabrask, Heretic Praetor",SNC,Streets of New Capenna,129,NearMint,Normal,English,35.87,2022-04-23,2.75,4.50,3.84
Red,2,0,Vandalblast,RTR,Return to Ravnica,111,NearMint,Normal,English,5.06,2021-06-25,1.65,3.28,2.85
Red,1,0,Volcanic Fallout,CNS,Conspiracy,157,NearMint,Foil,English,1.28,2021-06-25,0.45,1.02,1.12
Red,1,0,Warren Instigator,ZEN,Zendikar,154,NearMint,Normal,English,7.74,2021-06-25,6.75,8.99,9.20
Red,1,0,Warren Instigator,DDT,Duel Decks: Merfolk vs. Goblins,32,NearMint,Foil,English,5.31,2021-06-25,6.99,8.46,7.90
Red,2,0,World at War,ROE,Rise of the Eldrazi,172,NearMint,Normal,English,10.06,2021-06-25,8.98,11.45,11.67
Red,3,0,Zirilan of the Claw,MIR,Mirage,204,NearMint,Normal,English,5.00,2021-06-25,8.94,18.51,14.48
Green,1,0,Ancestral Mask,MMQ,Mercadian Masques,229,NearMint,Normal,English,0.96,2021-07-18,1.00,3.09,2.49
Green,1,0,Ascendant Packleader,VOW,Innistrad: Crimson Vow,383,NearMint,Foil,English,1.52,2022-04-24,0.76,1.48,1.43
Green,1,0,Ascendant Packleader,VOW,Innistrad: Crimson Vow,186,NearMint,Foil,English,0.52,2022-04-24,0.25,1.00,0.74
Green,1,0,Avabruck Caretaker // Hollowhenge Huntmaster,VOW,Innistrad: Crimson Vow,187,NearMint,Foil,English,16.96,2022-01-23,8.30,11.00,9.63
Green,1,0,Avabruck Caretaker // Hollowhenge Huntmaster,VOW,Innistrad: Crimson Vow,384,NearMint,Normal,English,15.28,2021-11-26,10.00,15.06,13.88
Green,1,0,Bear Umbra,C18,Commander 2018,131,NearMint,Normal,English,9.72,2021-07-18,4.55,6.94,6.26
Green,1,0,Beast Within,PCA,Planechase Anthology,57,NearMint,Normal,English,2.30,2021-06-26,1.50,2.17,2.00
Green,1,0,Beast Within,C16,Commander 2016,141,NearMint,Normal,English,1.78,2021-07-06,0.69,1.25,1.13
Green,1,0,"Boseiju, Who Endures",NEO,Kamigawa: Neon Dynasty,266,NearMint,Normal,English,23.11,2022-02-25,21.74,26.03,24.35
Green,1,0,Bow of Nylea,THS,Theros,153,Excellent,Foil,English,13.57,2021-07-06,2.99,9.30,10.22
Green,1,0,Boxing Ring,NCC,New Capenna Commander,91,NearMint,Normal,English,0.28,2022-05-21,0.19,0.60,0.31
Green,1,0,Boxing Ring,NCC,New Capenna Commander,99,NearMint,Foil,English,1.25,2022-05-07,0.25,1.00,0.44
Green,1,0,Brawn,JUD,Judgment,107,NearMint,Foil,English,8.44,2021-06-25,7.31,8.93,9.46
Green,1,0,Cemetery Prowler,VOW,Innistrad: Crimson Vow,385,NearMint,Foil,English,21.70,2021-11-15,4.91,9.46,7.34
Green,1,0,Cemetery Prowler,VOW,Innistrad: Crimson Vow,191,NearMint,Foil,English,4.53,2022-04-24,3.00,4.44,4.12
Green,1,0,Cultivate,STA,Strixhaven Mystical Archive,51,NearMint,Normal,English,0.15,2021-11-13,0.25,0.58,0.50
Green,1,0,Cultivator Colossus,VOW,Innistrad: Crimson Vow,386,NearMint,Foil,English,34.52,2021-11-26,33.36,40.90,40.76
Green,1,0,Deathcoil Wurm,PLIST,The List,618,NearMint,Normal,English,3.98,2022-02-20,1.48,3.57,2.30
Green,1,0,Elvish Harbinger,EVG,Duel Decks Anthology: Elves vs. Goblins,4,NearMint,Normal,English,15.31,2021-06-25,8.38,13.47,10.61
Green,1,0,"Ezuri, Renegade Leader",CMA,Commander Anthology,108,NearMint,Normal,English,12.82,2021-06-25,5.00,8.03,7.90
Green,1,0,Farseek,C16,Commander 2016,149,NearMint,Normal,English,2.22,2021-06-26,1.65,2.09,2.04
Green,2,0,Force of Vigor,MH1,Modern Horizons,164,NearMint,Normal,English,16.85,2021-06-26,28.00,35.45,32.60
Green,1,0,Forest,ZEN,Zendikar,248,NearMint,Normal,English,0.80,2021-07-24,0.74,1.25,1.29
Green,1,0,Forest,ODY,Odyssey,348,NearMint,Foil,English,2.33,2021-07-24,2.24,5.76,7.63
Green,2,0,Forest,UNH,Unhinged,140,NearMint,Normal,English,4.15,2021-07-24,3.00,6.13,5.73
Green,1,0,Forest,MMQ,Mercadian Masques,347,NearMint,Foil,English,3.04,2021-07-24,5.14,10.21,7.45
Green,1,0,Forest,7ED,Seventh Edition,328,NearMint,Foil,English,17.45,2021-07-24,7.27,12.74,14.07
Green,1,0,Forest,2XM,Double Masters,381,NearMint,Foil,English,2.46,2021-11-14,2.87,4.00,3.38
Green,1,0,Forest,ZNR,Zendikar Rising,278,NearMint,Foil,English,0.41,2022-01-30,0.15,0.52,0.38
Green,1,0,Forest,ZNR,Zendikar Rising,278,NearMint,Foil,English,0.20,2021-09-05,0.15,0.52,0.38
Green,1,0,Forest,ZNR,Zendikar Rising,279,NearMint,Foil,English,0.09,2021-07-24,0.04,0.51,0.26
Green,1,0,Gala Greeters,SNC,Streets of New Capenna,450,NearMint,Foil,English,0.30,2022-05-21,0.15,0.49,0.25
Green,1,0,Gala Greeters,SNC,Streets of New Capenna,450,NearMint,Foil,English,0.00,2022-04-24,0.15,0.49,0.25
Green,1,0,"Go-Shintai of Life's Origin",NEC,Neon Dynasty Commander,37,NearMint,Normal,English,15.00,2022-02-20,6.00,9.00,8.59
Green,2,0,"Green Sun's Zenith",MBS,Mirrodin Besieged,81,Excellent,Normal,English,24.56,2021-06-26,19.99,26.99,27.19
Green,1,0,Hardened Scales,C16,Commander 2016,152,NearMint,Normal,English,7.77,2021-06-25,8.51,10.76,11.26
Green,1,0,Immaculate Magistrate,CMA,Commander Anthology,117,NearMint,Normal,English,1.07,2021-06-25,0.32,0.63,0.48
Green,1,0,"Jugan, the Rising Star",PLIST,The List,698,NearMint,Normal,English,1.01,2022-04-23,0.15,0.61,0.20
Green,1,0,"Kodama's Reach",UMA,Ultimate Masters,171,NearMint,Normal,English,1.37,2021-06-26,0.99,1.84,1.41
Green,1,0,Loyal Guardian,C18,Commander 2018,31,NearMint,Normal,English,3.49,2021-06-26,0.72,1.79,1.65
Green,1,0,Myth Unbound,C18,Commander 2018,32,NearMint,Normal,English,2.21,2021-07-18,8.00,9.98,9.03
Green,2,0,"Nature's Lore",GVL,Duel Decks Anthology: Garruk vs. Liliana,17,NearMint,Normal,English,9.35,2021-06-26,5.65,7.14,6.38
Green,1,0,Obscuring Haze,C20,Commander 2020,61,NearMint,Normal,English,1.57,2021-06-26,1.50,2.75,2.03
Green,1,0,One with the Kami,NEC,Neon Dynasty Commander,69,NearMint,Normal,English,0.37,2022-04-24,0.03,0.50,0.27
Green,1,0,Oracle of Mul Daya,ZEN,Zendikar,172,NearMint,Normal,English,30.73,2021-07-06,13.99,18.98,17.08
Green,1,0,Overlaid Terrain,NEM,Nemesis,108,NearMint,Foil,English,8.76,2021-06-25,17.27,21.45,21.49
Green,2,0,Overwhelming Stampede,CMA,Commander Anthology,131,NearMint,Normal,English,2.71,2021-06-26,2.46,3.44,2.82
Green,1,0,Park Heights Maverick,NCC,New Capenna Commander,163,NearMint,Normal,English,0.55,2022-05-07,0.36,0.67,0.40
Green,1,0,Pattern of Rebirth,UMA,Ultimate Masters,176,NearMint,Normal,English,3.78,2021-06-25,5.45,6.80,6.40
Green,1,0,Pelt Collector,GRN,Guilds of Ravnica,141,NearMint,Normal,English,1.60,2021-06-25,0.40,1.19,0.82
Green,1,0,"Pir's Whim",PLIST,The List,624,NearMint,Normal,English,0.51,2022-05-21,0.19,1.11,0.46
Green,1,0,Priest of Titania,CMA,Commander Anthology,136,NearMint,Normal,English,11.76,2021-06-25,6.08,8.00,7.65
Green,1,0,Realms Uncharted,ROE,Rise of the Eldrazi,206,NearMint,Normal,English,4.81,2021-06-26,3.00,4.77,4.24
Green,1,0,Seeker of Skybreak,TMP,Tempest,254,NearMint,Normal,English,0.92,2022-01-30,0.24,0.82,0.59
Green,1,0,Somberwald Beastmaster,MIC,Midnight Hunt Commander,68,NearMint,Normal,English,0.25,2021-11-21,0.18,0.51,0.37
Green,1,0,Song of Freyalise,PLIST,The List,625,NearMint,Normal,English,0.25,2022-02-20,0.32,0.70,0.63
Green,1,0,Spring-Leaf Avenger,NEO,Kamigawa: Neon Dynasty,481,NearMint,Normal,Japanese,0.34,2022-04-24,0.18,0.49,0.36
Green,1,0,Sprouting Vines,SCG,Scourge,128,NearMint,Foil,English,2.80,2021-06-26,2.39,4.50,5.70
Green,1,0,Sylvan Scrying,BFZ,Battle for Zendikar,192,NearMint,Normal,English,0.91,2021-06-26,0.15,0.49,0.24
Green,1,0,"Titania, Protector of Argoth",CMA,Commander Anthology,157,NearMint,Normal,English,24.10,2021-06-25,0.69,1.79,0.96
Green,1,0,Topiary Stomper,SNC,Streets of New Capenna,160,NearMint,Normal,English,1.84,2022-04-23,0.39,1.00,0.92
Green,1,0,Topiary Stomper,SNC,Streets of New Capenna,290,NearMint,Foil,English,7.93,2022-04-23,1.19,2.66,2.19
Green,2,0,Tree of Tales,MRD,Mirrodin,285,NearMint,Normal,English,1.08,2021-06-25,0.66,1.03,1.03
Green,1,0,Vivien Reid,PLIST,The List,734,NearMint,Normal,English,0.87,2022-05-21,0.33,1.50,0.76
Green,1,0,Willow Satyr,LEG,Legends,212,NearMint,Normal,English,40.00,2021-07-18,117.93,175.20,166.59
White,1,0,Abolish,PCY,Prophecy,1,NearMint,Normal,English,0.34,2021-06-25,0.17,0.48,0.34
White,1,0,"Akroma, Angel of Wrath",DVD,Duel Decks Anthology: Divine vs. Demonic,1,NearMint,Foil,English,6.04,2021-06-25,3.87,5.40,5.89
White,1,0,"Akroma, Vision of Ixidor",CMR,Commander Legends,2,NearMint,Normal,English,3.08,2022-05-14,1.73,3.10,2.97
White,4,0,Ancient Den,MRD,Mirrodin,278,NearMint,Normal,English,2.28,2021-06-25,0.30,1.31,1.03
White,1,0,Angel of Destiny,ZNR,Zendikar Rising,314,NearMint,Normal,English,4.92,2021-06-25,5.00,7.00,7.32
White,1,0,Angelic Arbiter,CMA,Commander Anthology,4,NearMint,Normal,English,1.80,2021-06-25,0.88,1.76,1.09
White,1,0,Angelic Benediction,DVD,Duel Decks Anthology: Divine vs. Demonic,19,NearMint,Normal,English,0.36,2021-06-25,0.23,0.44,0.34
White,1,0,Benediction of Moons,PLIST,The List,578,NearMint,Normal,English,0.19,2022-04-24,0.06,0.22,0.17
White,1,0,Blind Obedience,C17,Commander 2017,57,NearMint,Normal,English,6.48,2021-07-06,5.54,7.26,7.33
White,1,0,Blind Obedience,C16,Commander 2016,59,NearMint,Normal,English,6.43,2021-07-06,5.96,7.75,7.56
White,1,0,By Invitation Only,VOW,Innistrad: Crimson Vow,5,NearMint,Foil,English,1.03,2022-04-24,0.25,1.14,0.77
White,1,0,"Cathars' Crusade",C16,Commander 2016,61,NearMint,Normal,English,5.45,2021-06-25,5.00,7.02,7.00
White,1,0,Cemetery Protector,VOW,Innistrad: Crimson Vow,6,NearMint,Foil,English,1.55,2022-04-24,0.50,1.79,1.23
White,1,0,Divine Gambit,STA,Strixhaven Mystical Archive,67etc,Excellent,Normal,English,0.61,2021-07-18,,,
White,1,0,Duskborne Skymarcher,XLN,Ixalan,9,NearMint,Normal,English,0.11,2021-06-25,0.04,0.25,0.09
White,1,0,Elspeth Resplendent,SNC,Streets of New Capenna,282,NearMint,Normal,English,28.55,2022-04-23,6.00,9.80,8.53
White,1,0,Elspeth Resplendent,SNC,Streets of New Capenna,11,NearMint,Normal,English,7.99,2022-04-23,3.98,5.99,5.35
White,1,0,Elspeth Resplendent,SNC,Streets of New Capenna,11,NearMint,Normal,English,5.33,2022-05-21,3.98,5.99,5.35
White,2,0,"Faithbound Judge // Sinner's Judgment",VOW,Innistrad: Crimson Vow,12,NearMint,Normal,English,1.90,2022-04-24,0.75,1.83,1.29
White,1,0,Felidar Retreat,ZNR,Zendikar Rising,292,NearMint,Normal,English,0.42,2021-09-05,0.70,1.86,1.58
White,1,0,Flagstones of Trokair,UMA,Ultimate Masters,243,NearMint,Normal,English,5.13,2021-06-25,3.43,4.96,4.10
White,1,0,Force of Virtue,MH1,Modern Horizons,10,NearMint,Normal,English,0.45,2021-06-25,0.05,0.58,0.33
White,1,0,Generous Gift,MH1,Modern Horizons,11,NearMint,Normal,English,1.88,2021-06-25,1.24,2.39,2.32
White,1,0,Ghostly Prison,PCA,Planechase Anthology,7,NearMint,Normal,English,2.95,2021-06-25,2.10,3.08,2.65
White,2,0,Gift of Immortality,THS,Theros,14,NearMint,Normal,English,3.16,2021-06-25,2.17,3.25,3.15
White,1,0,"Hall of Heliod's Generosity",MH1,Modern Horizons,241,NearMint,Normal,English,7.10,2021-06-25,7.29,9.99,9.48
White,1,0,Halo Fountain,SNC,Streets of New Capenna,285,NearMint,Normal,English,21.65,2022-04-23,5.00,8.94,6.26
White,1,0,Heavenly Blademaster,C18,Commander 2018,3,NearMint,Normal,English,3.14,2021-06-25,3.07,4.82,4.91
White,1,0,"Heliod, God of the Sun",THS,Theros,17,NearMint,Normal,English,5.06,2021-06-25,2.90,4.99,4.56
White,1,0,Island Sanctuary,4ED,Fourth Edition,31,NearMint,Normal,English,3.56,2021-06-25,1.95,2.99,2.90
White,1,0,Journey to Nowhere,ZEN,Zendikar,14,NearMint,Normal,English,0.58,2021-06-25,0.35,0.75,0.56
White,1,0,"Katilda, Dawnhart Martyr // Katilda's Rising Dawn",VOW,Innistrad: Crimson Vow,21,NearMint,Foil,English,2.26,2022-04-24,0.72,1.86,1.87
White,1,0,"Kenrith, the Returned King",ELD,Throne of Eldraine,303,NearMint,Foil,English,1.00,2021-06-26,4.00,6.49,5.93
White,3,0,Kor Spiritdancer,ROE,Rise of the Eldrazi,31,NearMint,Normal,English,2.97,2021-06-25,2.00,3.79,3.79
White,1,0,Kor Spiritdancer,PC2,Planechase 2012,9,NearMint,Normal,English,3.08,2021-06-25,2.79,3.88,3.53
White,1,0,Lion Sash,NEO,Kamigawa: Neon Dynasty,368,NearMint,Normal,English,5.99,2022-02-25,2.70,4.41,3.84
White,1,0,Loyal Unicorn,C18,Commander 2018,4,NearMint,Normal,English,0.27,2021-06-25,0.15,0.50,0.43
White,1,0,Luminous Angel,DVD,Duel Decks Anthology: Divine vs. Demonic,12,NearMint,Normal,English,1.23,2021-06-25,0.49,1.00,0.75
White,1,0,Mesa Enchantress,EMA,Eternal Masters,19,NearMint,Normal,English,2.03,2021-06-25,1.61,2.11,1.89
White,1,0,Myojin of Blooming Dawn,NEC,Neon Dynasty Commander,31,NearMint,Normal,English,0.20,2022-02-20,0.06,0.35,0.15
White,1,0,Oblivion Ring,DDG,Duel Decks: Knights vs. Dragons,34,NearMint,Normal,English,1.01,2021-06-25,0.45,0.91,0.89
White,1,0,Path to Exile,JMP,Jumpstart,127,NearMint,Normal,English,3.96,2022-01-30,3.04,4.19,3.88
White,1,0,Path to Exile,CMA,Commander Anthology,19,NearMint,Normal,English,3.92,2021-06-25,4.00,5.42,4.28
White,5,0,Plains,PDGM,"Dragon's Maze Promos",157,NearMint,Foil,English,0.50,2021-07-18,0.25,0.50,0.38
White,1,0,Plains,MMQ,Mercadian Masques,331,NearMint,Foil,English,4.04,2021-07-18,2.95,3.99,4.55
White,1,0,Plains,MMQ,Mercadian Masques,334,NearMint,Foil,English,2.66,2021-07-18,1.32,2.33,3.73
White,1,0,Plains,UNH,Unhinged,136,NearMint,Normal,English,3.36,2021-07-18,2.00,3.61,3.45
White,1,0,Plains,ONS,Onslaught,333,NearMint,Foil,English,1.57,2021-07-18,1.36,2.99,3.35
White,1,0,Plains,VOW,Innistrad: Crimson Vow,269,NearMint,Foil,English,0.49,2021-11-21,0.20,0.75,0.67
White,1,0,Return to Dust,CMA,Commander Anthology,20,NearMint,Normal,English,1.28,2021-06-25,0.15,0.40,0.20
White,1,0,Return to Dust,C17,Commander 2017,70,NearMint,Normal,English,1.08,2021-06-25,0.12,0.47,0.17
White,1,0,Return to Dust,CMR,Commander Legends,43,NearMint,Normal,English,0.03,2022-05-15,0.01,0.25,0.03
White,1,0,Revitalize,STA,Strixhaven Mystical Archive,9etc,NearMint,Foil,English,0.04,2021-07-18,0.09,0.49,0.28
White,1,0,Reya Dawnbringer,DVD,Duel Decks Anthology: Divine vs. Demonic,13,NearMint,Normal,English,1.83,2021-06-25,1.99,2.94,2.28
White,1,0,Righteous Valkyrie,KHM,Kaldheim,338,NearMint,Normal,English,3.88,2021-06-25,4.60,7.50,8.10
White,1,0,Sanctuary Warden,SNC,Streets of New Capenna,30,NearMint,Normal,English,3.69,2022-04-24,0.83,1.95,1.61
White,1,0,Selfless Squire,C16,Commander 2016,4,NearMint,Normal,English,5.42,2021-06-25,0.37,0.99,0.48
White,1,0,Skyboon Evangelist,NCC,New Capenna Commander,121,NearMint,Normal,English,0.33,2022-05-07,0.19,0.50,0.31
White,1,0,Soul Warden,MM3,Modern Masters 2017,24,NearMint,Normal,English,0.68,2021-06-25,0.51,1.12,1.00
White,1,0,Soul Warden,M10,Magic 2010,34,NearMint,Normal,English,0.74,2021-06-25,0.61,1.25,1.24
White,1,0,Speaker of the Heavens,PLIST,The List,510,NearMint,Normal,English,0.74,2022-05-21,0.50,1.25,1.06
White,1,0,Spear of Heliod,THS,Theros,33,NearMint,Foil,English,4.85,2021-06-25,2.60,3.75,4.83
White,1,0,Sphere of Safety,RTR,Return to Ravnica,24,NearMint,Normal,English,3.69,2021-06-25,2.90,4.02,4.05
White,1,0,Spirit Mantle,PCA,Planechase Anthology,12,NearMint,Normal,English,1.63,2021-06-25,0.50,1.35,1.07
White,1,0,Spirit of the Labyrinth,BNG,Born of the Gods,27,NearMint,Normal,English,1.89,2021-06-25,1.02,2.68,2.56
White,1,0,Sudden Salvation,VOC,Crimson Vow Commander,48,NearMint,Normal,English,0.77,2021-11-26,0.14,0.49,0.19
White,1,0,Sun Titan,DDL,Duel Decks: Heroes vs. Monsters,1,NearMint,Foil,English,2.91,2021-06-25,1.15,2.65,1.75
White,2,0,Swords to Plowshares,ICE,Ice Age,54,NearMint,Normal,English,7.14,2021-06-26,2.49,5.04,5.39
White,1,0,"Thalia, Guardian of Thraben",VOW,Innistrad: Crimson Vow,38,NearMint,Normal,English,1.22,2022-04-24,0.32,1.50,0.84
White,1,0,"Thalia, Guardian of Thraben",VOW,Innistrad: Crimson Vow,331,NearMint,Normal,English,2.94,2021-11-26,1.40,2.96,2.69
White,1,0,Three Dreams,PCA,Planechase Anthology,13,NearMint,Normal,English,1.92,2021-06-25,2.00,3.11,3.09
White,1,0,Truce,HML,Homelands,20,NearMint,Normal,English,1.01,2021-06-25,0.35,0.83,0.65
White,1,0,Unexpectedly Absent,CMA,Commander Anthology,27,NearMint,Normal,English,0.32,2021-06-25,0.19,0.50,0.29
White,1,0,Unholy Officiant,VOW,Innistrad: Crimson Vow,286,NearMint,Foil,English,0.26,2021-11-14,0.03,0.25,0.05
White,1,0,Welcoming Vampire,VOW,Innistrad: Crimson Vow,46,NearMint,Normal,English,4.03,2021-11-14,3.97,5.03,4.96
White,1,0,Windborn Muse,C16,Commander 2016,80,NearMint,Normal,English,5.47,2021-06-25,0.40,1.33,1.09
White,1,0,Winds of Abandon,MH1,Modern Horizons,37,NearMint,Normal,English,2.76,2021-06-25,1.87,2.98,2.82
White,1,0,Wrath of God,EMA,Eternal Masters,38,NearMint,Normal,English,5.94,2021-06-25,3.65,5.45,4.92
